unit,range,year,ipcCases,sllCases,total
Bagalkot,Northern Range,2022,2199,735,2934
Bagalkot,Northern Range,2023,2317,985,3302
Bagalkot,Northern Range,2024,2468,,
Bagalkot,Northern Range,2025,2208,1362,3570
Ballari,Ballari Range,2022,1792,1434,3226
Ballari,Ballari Range,2023,2053,1386,3439
Ballari,Ballari Range,2024,2500,,
Ballari,Ballari Range,2025,1924,1961,3885
Belagavi City,Commissionerate,2022,1721,406,2127
Belagavi City,Commissionerate,2023,1694,393,2087
Belagavi City,Commissionerate,2024,1680,,
Belagavi City,Commissionerate,2025,1655,652,2307
Belagavi Dist,Northern Range,2022,4703,1324,6027
Belagavi Dist,Northern Range,2023,4955,1830,6785
Belagavi Dist,Northern Range,2024,4992,,
Belagavi Dist,Northern Range,2025,4535,2059,6594
Bengaluru City,Commissionerate,2022,28666,17521,46187
Bengaluru City,Commissionerate,2023,41637,26883,68520
Bengaluru City,Commissionerate,2024,42968,,
Bengaluru City,Commissionerate,2025,37181,19291,56472
Bengaluru Dist,Central Range,2022,6031,961,6992
Bengaluru Dist,Central Range,2023,7568,1853,9421
Bengaluru Dist,Central Range,2024,7365,,
Bengaluru Dist,Central Range,2025,6433,1187,7620
Bengaluru South,Central Range,2025,3644,936,4580
Bidar,North Eastern Range,2022,3136,886,4022
Bidar,North Eastern Range,2023,3110,1224,4334
Bidar,North Eastern Range,2024,3122,,
Bidar,North Eastern Range,2025,3054,1172,4226
Chamarajanagar,Southern Range,2022,1705,668,2373
Chamarajanagar,Southern Range,2023,1951,717,2668
Chamarajanagar,Southern Range,2024,2097,,
Chamarajanagar,Southern Range,2025,2068,844,2912
Chikkaballapura,Central Range,2022,2577,1743,4320
Chikkaballapura,Central Range,2023,2734,1223,3957
Chikkaballapura,Central Range,2024,3072,,
Chikkaballapura,Central Range,2025,2542,1619,4161
Chikkamagaluru,Western Range,2022,2759,1096,3855
Chikkamagaluru,Western Range,2023,3036,1211,4247
Chikkamagaluru,Western Range,2024,2724,,
Chikkamagaluru,Western Range,2025,2722,1488,4210
Chitradurga,Eastern Range,2022,4057,1264,5321
Chitradurga,Eastern Range,2023,4367,1545,5912
Chitradurga,Eastern Range,2024,4811,,
Chitradurga,Eastern Range,2025,4098,1740,5838
Dakshina Kannada,Western Range,2022,1812,266,2078
Dakshina Kannada,Western Range,2023,1835,375,2210
Dakshina Kannada,Western Range,2024,1743,,
Dakshina Kannada,Western Range,2025,1816,417,2233
Davanagere,Eastern Range,2022,3396,995,4391
Davanagere,Eastern Range,2023,3755,1170,4925
Davanagere,Eastern Range,2024,3525,,
Davanagere,Eastern Range,2025,3385,1386,4771
Dharwad,Northern Range,2022,1193,536,1729
Dharwad,Northern Range,2023,1237,571,1808
Dharwad,Northern Range,2024,1294,,
Dharwad,Northern Range,2025,1016,625,1641
Gadag,Northern Range,2022,1060,856,1916
Gadag,Northern Range,2023,1229,958,2187
Gadag,Northern Range,2024,1468,,
Gadag,Northern Range,2025,1043,1225,2268
Hassan,Southern Range,2022,4652,1189,5841
Hassan,Southern Range,2023,5163,1200,6363
Hassan,Southern Range,2024,5120,,
Hassan,Southern Range,2025,4781,1366,6147
Haveri,Eastern Range,2022,2409,767,3176
Haveri,Eastern Range,2023,2519,885,3404
Haveri,Eastern Range,2024,3065,,
Haveri,Eastern Range,2025,2406,1155,3561
Hubballi Dharwad City,Commissionerate,2022,2006,1139,3145
Hubballi Dharwad City,Commissionerate,2023,1776,1289,3065
Hubballi Dharwad City,Commissionerate,2024,2055,,
Hubballi Dharwad City,Commissionerate,2025,1488,1160,2648
K.G.F,Central Range,2022,855,370,1225
K.G.F,Central Range,2023,836,506,1342
K.G.F,Central Range,2024,855,,
K.G.F,Central Range,2025,782,360,1142
Kalaburagi,North Eastern Range,2022,2462,850,3312
Kalaburagi,North Eastern Range,2023,2555,1114,3669
Kalaburagi,North Eastern Range,2024,2904,,
Kalaburagi,North Eastern Range,2025,2683,1025,3708
Kalaburagi City,Commissionerate,2022,1768,582,2350
Kalaburagi City,Commissionerate,2023,2112,629,2741
Kalaburagi City,Commissionerate,2024,1812,,
Kalaburagi City,Commissionerate,2025,1730,1010,2740
Karnataka Railways,Statewide function,2022,1296,57,1353
Karnataka Railways,Statewide function,2023,928,95,1023
Karnataka Railways,Statewide function,2024,824,,
Karnataka Railways,Statewide function,2025,662,138,800
Kodagu,Southern Range,2022,1355,284,1639
Kodagu,Southern Range,2023,1576,535,2111
Kodagu,Southern Range,2024,1431,,
Kodagu,Southern Range,2025,1724,600,2324
Kolar,Central Range,2022,2417,360,2777
Kolar,Central Range,2023,2552,628,3180
Kolar,Central Range,2024,2273,,
Kolar,Central Range,2025,2245,505,2750
Koppal,Ballari Range,2022,2175,893,3068
Koppal,Ballari Range,2023,1819,927,2746
Koppal,Ballari Range,2024,2238,,
Koppal,Ballari Range,2025,1945,1255,3200
Mandya,Southern Range,2022,4830,781,5611
Mandya,Southern Range,2023,4932,1032,5964
Mandya,Southern Range,2024,4452,,
Mandya,Southern Range,2025,4780,1150,5930
Mangaluru City,Commissionerate,2022,1979,686,2665
Mangaluru City,Commissionerate,2023,2122,1276,3398
Mangaluru City,Commissionerate,2024,2208,,
Mangaluru City,Commissionerate,2025,2278,1205,3483
Mysuru City,Commissionerate,2022,2658,647,3305
Mysuru City,Commissionerate,2023,2553,716,3269
Mysuru City,Commissionerate,2024,2688,,
Mysuru City,Commissionerate,2025,2224,1040,3264
Mysuru Dist,Southern Range,2022,4315,1088,5403
Mysuru Dist,Southern Range,2023,4542,882,5424
Mysuru Dist,Southern Range,2024,4793,,
Mysuru Dist,Southern Range,2025,4952,912,5864
Raichur,Ballari Range,2022,2577,1348,3925
Raichur,Ballari Range,2023,2642,1445,4087
Raichur,Ballari Range,2024,3513,,
Raichur,Ballari Range,2025,2813,1458,4271
Ramanagara,Central Range,2022,4155,1720,5875
Ramanagara,Central Range,2023,4163,1089,5252
Ramanagara,Central Range,2024,3892,,
Shivamogga,Eastern Range,2022,4591,1500,6091
Shivamogga,Eastern Range,2023,4654,1750,6404
Shivamogga,Eastern Range,2024,4756,,
Shivamogga,Eastern Range,2025,4840,2155,6995
Tumakuru,Central Range,2022,5520,1524,7044
Tumakuru,Central Range,2023,6440,1809,8249
Tumakuru,Central Range,2024,6499,,
Tumakuru,Central Range,2025,5961,2509,8470
Udupi,Western Range,2022,2342,566,2908
Udupi,Western Range,2023,2444,877,3321
Udupi,Western Range,2024,2594,,
Udupi,Western Range,2025,2249,752,3001
Uttara Kannada,Western Range,2022,2323,1202,3525
Uttara Kannada,Western Range,2023,2460,1035,3495
Uttara Kannada,Western Range,2024,2751,,
Uttara Kannada,Western Range,2025,2334,1596,3930
Vijayanagara,Ballari Range,2022,1795,1091,2886
Vijayanagara,Ballari Range,2023,1837,1341,3178
Vijayanagara,Ballari Range,2024,2269,,
Vijayanagara,Ballari Range,2025,1781,1467,3248
Vijayapur,Northern Range,2022,2858,1438,4296
Vijayapur,Northern Range,2023,3103,1403,4506
Vijayapur,Northern Range,2024,3333,,
Vijayapur,Northern Range,2025,3062,1992,5054
Yadgir,North Eastern Range,2022,1316,508,1824
Yadgir,North Eastern Range,2023,1442,799,2241
Yadgir,North Eastern Range,2024,1968,,
Yadgir,North Eastern Range,2025,1622,1093,2715
