CaseMasterID,CrimeNo,CaseNo,CrimeRegisteredDate,PolicePersonID,PoliceStationID,CaseCategoryID,GravityOffenceID,CrimeMajorHeadID,CrimeMinorHeadID,CaseStatusID,CourtID,IncidentFromDate,IncidentToDate,InfoReceivedPSDate,latitude,longitude,BriefFacts
1,144010006202200001,202200001,2022-01-24,1001,6,1,2,1,1,2,100,2022-01-24 08:15:00,2022-01-24 09:15:00,2022-01-24 10:15:00,13.13647,77.6767,Theft reported in Bengaluru Urban; investigation charge-sheeted.
2,144010006202200002,202200002,2022-12-18,1001,6,1,2,1,1,2,100,2022-12-18 13:14:00,2022-12-18 14:14:00,2022-12-18 15:14:00,12.67819,77.8693,Theft reported in Bengaluru Urban; investigation charge-sheeted.
3,144010006202200003,202200003,2022-10-09,1001,6,1,2,1,1,2,100,2022-10-09 01:46:00,2022-10-09 02:46:00,2022-10-09 03:46:00,12.52483,77.9223,Theft reported in Bengaluru Urban; investigation charge-sheeted.
4,144010006202200004,202200004,2022-04-28,1001,6,1,2,1,1,2,100,2022-04-28 03:24:00,2022-04-28 04:24:00,2022-04-28 05:24:00,13.03568,77.36483,Theft reported in Bengaluru Urban; investigation charge-sheeted.
5,144010006202200005,202200005,2022-12-18,1001,6,1,2,1,1,2,100,2022-12-18 07:43:00,2022-12-18 08:43:00,2022-12-18 09:43:00,13.16831,77.05594,Theft reported in Bengaluru Urban; investigation charge-sheeted.
6,144010006202200006,202200006,2022-05-05,1001,6,1,2,1,1,2,100,2022-05-05 07:47:00,2022-05-05 08:47:00,2022-05-05 09:47:00,12.66274,77.58459,Theft reported in Bengaluru Urban; investigation charge-sheeted.
7,144010006202300001,202300001,2023-02-13,1001,6,1,2,1,1,4,100,2023-02-13 12:38:00,2023-02-13 13:38:00,2023-02-13 14:38:00,13.37108,77.86078,Theft reported in Bengaluru Urban; investigation ongoing.
8,144010006202300002,202300002,2023-12-24,1001,6,1,2,1,1,1,100,2023-12-24 08:32:00,2023-12-24 09:32:00,2023-12-24 10:32:00,13.27052,77.29844,Theft reported in Bengaluru Urban; investigation ongoing.
9,144010006202300003,202300003,2023-04-02,1001,6,1,2,1,1,2,100,2023-04-02 07:56:00,2023-04-02 08:56:00,2023-04-02 09:56:00,12.47876,77.73191,Theft reported in Bengaluru Urban; investigation charge-sheeted.
10,144010006202300004,202300004,2023-11-21,1001,6,1,2,1,1,4,100,2023-11-21 11:28:00,2023-11-21 12:28:00,2023-11-21 13:28:00,12.521,77.2247,Theft reported in Bengaluru Urban; investigation ongoing.
11,144010006202300005,202300005,2023-01-28,1001,6,1,2,1,1,2,100,2023-01-28 10:04:00,2023-01-28 11:04:00,2023-01-28 12:04:00,12.67848,77.48541,Theft reported in Bengaluru Urban; investigation charge-sheeted.
12,144010006202400001,202400001,2024-08-28,1001,6,1,2,1,1,1,100,2024-08-28 23:03:00,2024-08-29 00:03:00,2024-08-29 01:03:00,12.46061,77.72821,Theft reported in Bengaluru Urban; investigation ongoing.
13,144010006202400002,202400002,2024-02-15,1001,6,1,2,1,1,2,100,2024-02-15 17:06:00,2024-02-15 18:06:00,2024-02-15 19:06:00,13.39928,77.83603,Theft reported in Bengaluru Urban; investigation charge-sheeted.
14,144010006202400003,202400003,2024-05-26,1001,6,1,2,1,1,2,100,2024-05-26 14:18:00,2024-05-26 15:18:00,2024-05-26 16:18:00,13.35732,77.99542,Theft reported in Bengaluru Urban; investigation charge-sheeted.
15,144010006202400004,202400004,2024-08-17,1001,6,1,2,1,1,2,100,2024-08-17 16:10:00,2024-08-17 17:10:00,2024-08-17 18:10:00,12.90783,77.85134,Theft reported in Bengaluru Urban; investigation charge-sheeted.
16,144010006202400005,202400005,2024-11-19,1001,6,1,2,1,1,2,100,2024-11-19 18:33:00,2024-11-19 19:33:00,2024-11-19 20:33:00,12.66077,77.66973,Theft reported in Bengaluru Urban; investigation charge-sheeted.
17,144010006202500001,202500001,2025-09-09,1001,6,1,2,1,1,2,100,2025-09-09 04:59:00,2025-09-09 05:59:00,2025-09-09 06:59:00,12.46879,77.24428,Theft reported in Bengaluru Urban; investigation charge-sheeted.
18,144010006202500002,202500002,2025-02-24,1001,6,1,2,1,1,2,100,2025-02-24 17:09:00,2025-02-24 18:09:00,2025-02-24 19:09:00,13.00483,77.71761,Theft reported in Bengaluru Urban; investigation charge-sheeted.
19,144010006202500003,202500003,2025-11-09,1001,6,1,2,1,1,2,100,2025-11-09 05:47:00,2025-11-09 06:47:00,2025-11-09 07:47:00,13.10567,77.56091,Theft reported in Bengaluru Urban; investigation charge-sheeted.
20,144010006202500004,202500004,2025-01-12,1001,6,1,2,1,1,2,100,2025-01-12 06:43:00,2025-01-12 07:43:00,2025-01-12 08:43:00,12.50279,77.78012,Theft reported in Bengaluru Urban; investigation charge-sheeted.
21,144010006202500005,202500005,2025-03-26,1001,6,1,2,1,1,2,100,2025-03-26 22:06:00,2025-03-26 23:06:00,2025-03-27 00:06:00,12.43872,77.47069,Theft reported in Bengaluru Urban; investigation charge-sheeted.
22,144010006202600001,202600001,2026-09-13,1001,6,1,2,1,1,2,100,2026-09-13 21:53:00,2026-09-13 22:53:00,2026-09-13 23:53:00,13.33924,77.11534,Theft reported in Bengaluru Urban; investigation charge-sheeted.
23,144010006202600002,202600002,2026-10-07,1001,6,1,2,1,1,1,100,2026-10-07 08:02:00,2026-10-07 09:02:00,2026-10-07 10:02:00,12.91992,77.80651,Theft reported in Bengaluru Urban; investigation ongoing.
24,144010006202600003,202600003,2026-11-14,1001,6,1,2,1,1,1,100,2026-11-14 10:25:00,2026-11-14 11:25:00,2026-11-14 12:25:00,12.59184,77.66493,Theft reported in Bengaluru Urban; investigation ongoing.
25,144010006202600004,202600004,2026-08-15,1001,6,1,2,1,1,2,100,2026-08-15 14:43:00,2026-08-15 15:43:00,2026-08-15 16:43:00,12.87319,77.90118,Theft reported in Bengaluru Urban; investigation charge-sheeted.
26,144010006202200007,202200007,2022-04-16,1001,6,1,1,2,2,4,100,2022-04-16 19:54:00,2022-04-16 20:54:00,2022-04-16 21:54:00,12.81444,77.62977,Assault reported in Bengaluru Urban; investigation ongoing.
27,144010006202200008,202200008,2022-01-18,1001,6,1,1,2,2,4,100,2022-01-18 07:58:00,2022-01-18 08:58:00,2022-01-18 09:58:00,12.53334,77.46464,Assault reported in Bengaluru Urban; investigation ongoing.
28,144010006202200009,202200009,2022-11-09,1001,6,1,1,2,2,4,100,2022-11-09 16:31:00,2022-11-09 17:31:00,2022-11-09 18:31:00,12.83987,77.71354,Assault reported in Bengaluru Urban; investigation ongoing.
29,144010006202300006,202300006,2023-02-14,1001,6,1,1,2,2,2,100,2023-02-14 13:21:00,2023-02-14 14:21:00,2023-02-14 15:21:00,12.81577,77.20683,Assault reported in Bengaluru Urban; investigation charge-sheeted.
30,144010006202300007,202300007,2023-09-24,1001,6,1,1,2,2,1,100,2023-09-24 23:34:00,2023-09-25 00:34:00,2023-09-25 01:34:00,12.88823,77.27294,Assault reported in Bengaluru Urban; investigation ongoing.
31,144010006202300008,202300008,2023-02-21,1001,6,1,1,2,2,1,100,2023-02-21 13:08:00,2023-02-21 14:08:00,2023-02-21 15:08:00,12.45028,77.3791,Assault reported in Bengaluru Urban; investigation ongoing.
32,144010006202300009,202300009,2023-06-08,1001,6,1,1,2,2,1,100,2023-06-08 20:04:00,2023-06-08 21:04:00,2023-06-08 22:04:00,13.15423,77.94961,Assault reported in Bengaluru Urban; investigation ongoing.
33,144010006202300010,202300010,2023-06-06,1001,6,1,1,2,2,1,100,2023-06-06 19:38:00,2023-06-06 20:38:00,2023-06-06 21:38:00,13.17779,77.16377,Assault reported in Bengaluru Urban; investigation ongoing.
34,144010006202300011,202300011,2023-11-20,1001,6,1,1,2,2,1,100,2023-11-20 03:50:00,2023-11-20 04:50:00,2023-11-20 05:50:00,12.7472,77.42838,Assault reported in Bengaluru Urban; investigation ongoing.
35,144010006202400006,202400006,2024-07-06,1001,6,1,1,2,2,4,100,2024-07-06 23:33:00,2024-07-07 00:33:00,2024-07-07 01:33:00,13.01591,77.91962,Assault reported in Bengaluru Urban; investigation ongoing.
36,144010006202400007,202400007,2024-10-20,1001,6,1,1,2,2,2,100,2024-10-20 21:24:00,2024-10-20 22:24:00,2024-10-20 23:24:00,12.89431,77.32501,Assault reported in Bengaluru Urban; investigation charge-sheeted.
37,144010006202400008,202400008,2024-08-18,1001,6,1,1,2,2,2,100,2024-08-18 07:44:00,2024-08-18 08:44:00,2024-08-18 09:44:00,13.11184,77.44817,Assault reported in Bengaluru Urban; investigation charge-sheeted.
38,144010006202400009,202400009,2024-12-15,1001,6,1,1,2,2,2,100,2024-12-15 08:19:00,2024-12-15 09:19:00,2024-12-15 10:19:00,12.52066,77.19258,Assault reported in Bengaluru Urban; investigation charge-sheeted.
39,144010006202400010,202400010,2024-03-10,1001,6,1,1,2,2,2,100,2024-03-10 00:45:00,2024-03-10 01:45:00,2024-03-10 02:45:00,12.67431,77.97429,Assault reported in Bengaluru Urban; investigation charge-sheeted.
40,144010006202400011,202400011,2024-06-06,1001,6,1,1,2,2,4,100,2024-06-06 01:16:00,2024-06-06 02:16:00,2024-06-06 03:16:00,12.51409,77.06534,Assault reported in Bengaluru Urban; investigation ongoing.
41,144010006202500006,202500006,2025-10-08,1001,6,1,1,2,2,2,100,2025-10-08 16:24:00,2025-10-08 17:24:00,2025-10-08 18:24:00,12.84272,77.86017,Assault reported in Bengaluru Urban; investigation charge-sheeted.
42,144010006202500007,202500007,2025-09-03,1001,6,1,1,2,2,2,100,2025-09-03 05:00:00,2025-09-03 06:00:00,2025-09-03 07:00:00,13.08937,77.46991,Assault reported in Bengaluru Urban; investigation charge-sheeted.
43,144010006202500008,202500008,2025-04-21,1001,6,1,1,2,2,2,100,2025-04-21 04:58:00,2025-04-21 05:58:00,2025-04-21 06:58:00,12.54224,77.05964,Assault reported in Bengaluru Urban; investigation charge-sheeted.
44,144010006202500009,202500009,2025-01-14,1001,6,1,1,2,2,1,100,2025-01-14 23:20:00,2025-01-15 00:20:00,2025-01-15 01:20:00,12.49133,77.96191,Assault reported in Bengaluru Urban; investigation ongoing.
45,144010006202500010,202500010,2025-10-14,1001,6,1,1,2,2,2,100,2025-10-14 20:52:00,2025-10-14 21:52:00,2025-10-14 22:52:00,12.49124,77.34796,Assault reported in Bengaluru Urban; investigation charge-sheeted.
46,144010006202600005,202600005,2026-05-11,1001,6,1,1,2,2,2,100,2026-05-11 03:49:00,2026-05-11 04:49:00,2026-05-11 05:49:00,12.9146,77.98812,Assault reported in Bengaluru Urban; investigation charge-sheeted.
47,144010006202600006,202600006,2026-08-23,1001,6,1,1,2,2,2,100,2026-08-23 15:07:00,2026-08-23 16:07:00,2026-08-23 17:07:00,13.03002,77.79931,Assault reported in Bengaluru Urban; investigation charge-sheeted.
48,144010006202600007,202600007,2026-12-10,1001,6,1,1,2,2,2,100,2026-12-10 16:45:00,2026-12-10 17:45:00,2026-12-10 18:45:00,13.23472,77.98024,Assault reported in Bengaluru Urban; investigation charge-sheeted.
49,144010006202200010,202200010,2022-09-09,1001,6,1,2,3,3,4,100,2022-09-09 00:18:00,2022-09-09 01:18:00,2022-09-09 02:18:00,13.26526,77.44655,Fraud reported in Bengaluru Urban; investigation ongoing.
50,144010006202200011,202200011,2022-01-11,1001,6,1,2,3,3,4,100,2022-01-11 23:30:00,2022-01-12 00:30:00,2022-01-12 01:30:00,12.78608,77.66369,Fraud reported in Bengaluru Urban; investigation ongoing.
51,144010006202200012,202200012,2022-07-28,1001,6,1,2,3,3,2,100,2022-07-28 20:09:00,2022-07-28 21:09:00,2022-07-28 22:09:00,13.18153,77.26502,Fraud reported in Bengaluru Urban; investigation charge-sheeted.
52,144010006202200013,202200013,2022-11-22,1001,6,1,2,3,3,4,100,2022-11-22 09:14:00,2022-11-22 10:14:00,2022-11-22 11:14:00,13.37834,77.76037,Fraud reported in Bengaluru Urban; investigation ongoing.
53,144010006202200014,202200014,2022-06-14,1001,6,1,2,3,3,2,100,2022-06-14 04:15:00,2022-06-14 05:15:00,2022-06-14 06:15:00,12.96593,77.79252,Fraud reported in Bengaluru Urban; investigation charge-sheeted.
54,144010006202200015,202200015,2022-05-22,1001,6,1,2,3,3,4,100,2022-05-22 00:57:00,2022-05-22 01:57:00,2022-05-22 02:57:00,13.07761,77.15798,Fraud reported in Bengaluru Urban; investigation ongoing.
55,144010006202200016,202200016,2022-02-08,1001,6,1,2,3,3,2,100,2022-02-08 12:36:00,2022-02-08 13:36:00,2022-02-08 14:36:00,12.69587,77.69928,Fraud reported in Bengaluru Urban; investigation charge-sheeted.
56,144010006202300012,202300012,2023-12-25,1001,6,1,2,3,3,1,100,2023-12-25 21:43:00,2023-12-25 22:43:00,2023-12-25 23:43:00,13.3034,77.64634,Fraud reported in Bengaluru Urban; investigation ongoing.
57,144010006202300013,202300013,2023-03-26,1001,6,1,2,3,3,4,100,2023-03-26 17:56:00,2023-03-26 18:56:00,2023-03-26 19:56:00,13.23047,77.25697,Fraud reported in Bengaluru Urban; investigation ongoing.
58,144010006202300014,202300014,2023-02-26,1001,6,1,2,3,3,2,100,2023-02-26 12:00:00,2023-02-26 13:00:00,2023-02-26 14:00:00,12.52359,77.36859,Fraud reported in Bengaluru Urban; investigation charge-sheeted.
59,144010006202300015,202300015,2023-04-21,1001,6,1,2,3,3,4,100,2023-04-21 02:40:00,2023-04-21 03:40:00,2023-04-21 04:40:00,13.04924,77.11668,Fraud reported in Bengaluru Urban; investigation ongoing.
60,144010006202400012,202400012,2024-12-05,1001,6,1,2,3,3,2,100,2024-12-05 13:41:00,2024-12-05 14:41:00,2024-12-05 15:41:00,12.88935,77.40812,Fraud reported in Bengaluru Urban; investigation charge-sheeted.
61,144010006202400013,202400013,2024-11-12,1001,6,1,2,3,3,2,100,2024-11-12 01:25:00,2024-11-12 02:25:00,2024-11-12 03:25:00,13.36821,77.94901,Fraud reported in Bengaluru Urban; investigation charge-sheeted.
62,144010006202400014,202400014,2024-09-07,1001,6,1,2,3,3,1,100,2024-09-07 18:13:00,2024-09-07 19:13:00,2024-09-07 20:13:00,12.72856,77.14755,Fraud reported in Bengaluru Urban; investigation ongoing.
63,144010006202400015,202400015,2024-06-26,1001,6,1,2,3,3,2,100,2024-06-26 07:37:00,2024-06-26 08:37:00,2024-06-26 09:37:00,12.57425,77.0524,Fraud reported in Bengaluru Urban; investigation charge-sheeted.
64,144010006202400016,202400016,2024-01-24,1001,6,1,2,3,3,2,100,2024-01-24 21:33:00,2024-01-24 22:33:00,2024-01-24 23:33:00,13.04334,77.03115,Fraud reported in Bengaluru Urban; investigation charge-sheeted.
65,144010006202500011,202500011,2025-10-18,1001,6,1,2,3,3,2,100,2025-10-18 22:20:00,2025-10-18 23:20:00,2025-10-19 00:20:00,12.99739,77.2949,Fraud reported in Bengaluru Urban; investigation charge-sheeted.
66,144010006202500012,202500012,2025-07-24,1001,6,1,2,3,3,2,100,2025-07-24 03:20:00,2025-07-24 04:20:00,2025-07-24 05:20:00,13.06511,77.3743,Fraud reported in Bengaluru Urban; investigation charge-sheeted.
67,144010006202500013,202500013,2025-09-18,1001,6,1,2,3,3,2,100,2025-09-18 10:42:00,2025-09-18 11:42:00,2025-09-18 12:42:00,12.7536,77.66534,Fraud reported in Bengaluru Urban; investigation charge-sheeted.
68,144010006202500014,202500014,2025-09-12,1001,6,1,2,3,3,2,100,2025-09-12 03:48:00,2025-09-12 04:48:00,2025-09-12 05:48:00,12.62616,77.42911,Fraud reported in Bengaluru Urban; investigation charge-sheeted.
69,144010006202500015,202500015,2025-10-22,1001,6,1,2,3,3,2,100,2025-10-22 12:04:00,2025-10-22 13:04:00,2025-10-22 14:04:00,13.03317,77.03066,Fraud reported in Bengaluru Urban; investigation charge-sheeted.
70,144010006202600008,202600008,2026-10-02,1001,6,1,2,3,3,2,100,2026-10-02 21:05:00,2026-10-02 22:05:00,2026-10-02 23:05:00,13.06194,77.48566,Fraud reported in Bengaluru Urban; investigation charge-sheeted.
71,144010006202600009,202600009,2026-11-10,1001,6,1,2,3,3,2,100,2026-11-10 01:14:00,2026-11-10 02:14:00,2026-11-10 03:14:00,12.99932,77.00769,Fraud reported in Bengaluru Urban; investigation charge-sheeted.
72,144010006202600010,202600010,2026-09-23,1001,6,1,2,3,3,2,100,2026-09-23 07:32:00,2026-09-23 08:32:00,2026-09-23 09:32:00,13.06805,77.35417,Fraud reported in Bengaluru Urban; investigation charge-sheeted.
73,144010006202600011,202600011,2026-02-13,1001,6,1,2,3,3,2,100,2026-02-13 00:20:00,2026-02-13 01:20:00,2026-02-13 02:20:00,13.34761,77.4601,Fraud reported in Bengaluru Urban; investigation charge-sheeted.
74,144010006202200017,202200017,2022-03-03,1001,6,1,2,1,4,2,100,2022-03-03 16:40:00,2022-03-03 17:40:00,2022-03-03 18:40:00,12.90995,77.90592,Burglary reported in Bengaluru Urban; investigation charge-sheeted.
75,144010006202200018,202200018,2022-02-06,1001,6,1,2,1,4,2,100,2022-02-06 20:31:00,2022-02-06 21:31:00,2022-02-06 22:31:00,12.96374,77.57947,Burglary reported in Bengaluru Urban; investigation charge-sheeted.
76,144010006202200019,202200019,2022-09-03,1001,6,1,2,1,4,2,100,2022-09-03 09:29:00,2022-09-03 10:29:00,2022-09-03 11:29:00,12.45689,77.8317,Burglary reported in Bengaluru Urban; investigation charge-sheeted.
77,144010006202200020,202200020,2022-08-04,1001,6,1,2,1,4,2,100,2022-08-04 10:45:00,2022-08-04 11:45:00,2022-08-04 12:45:00,13.04613,77.03914,Burglary reported in Bengaluru Urban; investigation charge-sheeted.
78,144010006202300016,202300016,2023-02-11,1001,6,1,2,1,4,4,100,2023-02-11 03:35:00,2023-02-11 04:35:00,2023-02-11 05:35:00,12.652,77.85157,Burglary reported in Bengaluru Urban; investigation ongoing.
79,144010006202300017,202300017,2023-05-18,1001,6,1,2,1,4,1,100,2023-05-18 12:41:00,2023-05-18 13:41:00,2023-05-18 14:41:00,13.07012,77.82896,Burglary reported in Bengaluru Urban; investigation ongoing.
80,144010006202300018,202300018,2023-08-07,1001,6,1,2,1,4,2,100,2023-08-07 07:08:00,2023-08-07 08:08:00,2023-08-07 09:08:00,12.69579,77.78812,Burglary reported in Bengaluru Urban; investigation charge-sheeted.
81,144010006202300019,202300019,2023-01-14,1001,6,1,2,1,4,4,100,2023-01-14 11:43:00,2023-01-14 12:43:00,2023-01-14 13:43:00,13.0106,77.75239,Burglary reported in Bengaluru Urban; investigation ongoing.
82,144010006202300020,202300020,2023-07-17,1001,6,1,2,1,4,1,100,2023-07-17 16:26:00,2023-07-17 17:26:00,2023-07-17 18:26:00,13.20126,77.1384,Burglary reported in Bengaluru Urban; investigation ongoing.
83,144010006202300021,202300021,2023-05-15,1001,6,1,2,1,4,1,100,2023-05-15 16:09:00,2023-05-15 17:09:00,2023-05-15 18:09:00,13.34641,77.22204,Burglary reported in Bengaluru Urban; investigation ongoing.
84,144010006202400017,202400017,2024-06-04,1001,6,1,2,1,4,2,100,2024-06-04 22:41:00,2024-06-04 23:41:00,2024-06-05 00:41:00,12.54605,77.0383,Burglary reported in Bengaluru Urban; investigation charge-sheeted.
85,144010006202400018,202400018,2024-05-08,1001,6,1,2,1,4,2,100,2024-05-08 09:07:00,2024-05-08 10:07:00,2024-05-08 11:07:00,12.81983,77.7939,Burglary reported in Bengaluru Urban; investigation charge-sheeted.
86,144010006202400019,202400019,2024-10-12,1001,6,1,2,1,4,2,100,2024-10-12 07:36:00,2024-10-12 08:36:00,2024-10-12 09:36:00,13.06437,77.08561,Burglary reported in Bengaluru Urban; investigation charge-sheeted.
87,144010006202400020,202400020,2024-02-12,1001,6,1,2,1,4,1,100,2024-02-12 07:46:00,2024-02-12 08:46:00,2024-02-12 09:46:00,13.1715,77.73519,Burglary reported in Bengaluru Urban; investigation ongoing.
88,144010006202500016,202500016,2025-02-23,1001,6,1,2,1,4,2,100,2025-02-23 14:02:00,2025-02-23 15:02:00,2025-02-23 16:02:00,12.44381,77.19947,Burglary reported in Bengaluru Urban; investigation charge-sheeted.
89,144010006202500017,202500017,2025-11-11,1001,6,1,2,1,4,4,100,2025-11-11 08:07:00,2025-11-11 09:07:00,2025-11-11 10:07:00,13.28949,77.74331,Burglary reported in Bengaluru Urban; investigation ongoing.
90,144010006202500018,202500018,2025-10-27,1001,6,1,2,1,4,2,100,2025-10-27 05:34:00,2025-10-27 06:34:00,2025-10-27 07:34:00,12.5026,77.32792,Burglary reported in Bengaluru Urban; investigation charge-sheeted.
91,144010006202500019,202500019,2025-11-26,1001,6,1,2,1,4,4,100,2025-11-26 01:04:00,2025-11-26 02:04:00,2025-11-26 03:04:00,12.76331,77.8011,Burglary reported in Bengaluru Urban; investigation ongoing.
92,144010006202500020,202500020,2025-06-13,1001,6,1,2,1,4,4,100,2025-06-13 18:02:00,2025-06-13 19:02:00,2025-06-13 20:02:00,13.34882,77.37201,Burglary reported in Bengaluru Urban; investigation ongoing.
93,144010006202500021,202500021,2025-08-17,1001,6,1,2,1,4,2,100,2025-08-17 12:58:00,2025-08-17 13:58:00,2025-08-17 14:58:00,12.66178,77.26029,Burglary reported in Bengaluru Urban; investigation charge-sheeted.
94,144010006202600012,202600012,2026-11-28,1001,6,1,2,1,4,2,100,2026-11-28 10:42:00,2026-11-28 11:42:00,2026-11-28 12:42:00,12.46494,77.54217,Burglary reported in Bengaluru Urban; investigation charge-sheeted.
95,144010006202600013,202600013,2026-09-19,1001,6,1,2,1,4,1,100,2026-09-19 11:29:00,2026-09-19 12:29:00,2026-09-19 13:29:00,13.01195,77.08622,Burglary reported in Bengaluru Urban; investigation ongoing.
96,144010006202600014,202600014,2026-08-15,1001,6,1,2,1,4,2,100,2026-08-15 21:33:00,2026-08-15 22:33:00,2026-08-15 23:33:00,13.27796,77.78026,Burglary reported in Bengaluru Urban; investigation charge-sheeted.
97,144010006202600015,202600015,2026-04-12,1001,6,1,2,1,4,2,100,2026-04-12 16:57:00,2026-04-12 17:57:00,2026-04-12 18:57:00,12.47886,77.1963,Burglary reported in Bengaluru Urban; investigation charge-sheeted.
98,144010006202600016,202600016,2026-01-27,1001,6,1,2,1,4,2,100,2026-01-27 00:05:00,2026-01-27 01:05:00,2026-01-27 02:05:00,13.04145,77.57677,Burglary reported in Bengaluru Urban; investigation charge-sheeted.
99,144010006202600017,202600017,2026-07-10,1001,6,1,2,1,4,1,100,2026-07-10 14:04:00,2026-07-10 15:04:00,2026-07-10 16:04:00,12.83961,77.48425,Burglary reported in Bengaluru Urban; investigation ongoing.
100,144010006202600018,202600018,2026-06-08,1001,6,1,2,1,4,2,100,2026-06-08 14:07:00,2026-06-08 15:07:00,2026-06-08 16:07:00,12.64792,77.09681,Burglary reported in Bengaluru Urban; investigation charge-sheeted.
101,144020007202200001,202200001,2022-08-01,1002,7,1,2,1,1,2,101,2022-08-01 02:25:00,2022-08-01 03:25:00,2022-08-01 04:25:00,13.36669,77.21514,Theft reported in Mysuru; investigation charge-sheeted.
102,144020007202200002,202200002,2022-07-12,1002,7,1,2,1,1,2,101,2022-07-12 01:25:00,2022-07-12 02:25:00,2022-07-12 03:25:00,12.96182,77.36252,Theft reported in Mysuru; investigation charge-sheeted.
103,144020007202200003,202200003,2022-06-25,1002,7,1,2,1,1,2,101,2022-06-25 04:12:00,2022-06-25 05:12:00,2022-06-25 06:12:00,12.80139,77.04025,Theft reported in Mysuru; investigation charge-sheeted.
104,144020007202200004,202200004,2022-12-27,1002,7,1,2,1,1,2,101,2022-12-27 09:37:00,2022-12-27 10:37:00,2022-12-27 11:37:00,13.22829,77.53234,Theft reported in Mysuru; investigation charge-sheeted.
105,144020007202300001,202300001,2023-11-26,1002,7,1,2,1,1,2,101,2023-11-26 18:36:00,2023-11-26 19:36:00,2023-11-26 20:36:00,12.45136,77.48045,Theft reported in Mysuru; investigation charge-sheeted.
106,144020007202300002,202300002,2023-12-07,1002,7,1,2,1,1,4,101,2023-12-07 13:32:00,2023-12-07 14:32:00,2023-12-07 15:32:00,13.27282,77.73584,Theft reported in Mysuru; investigation ongoing.
107,144020007202300003,202300003,2023-09-12,1002,7,1,2,1,1,4,101,2023-09-12 21:49:00,2023-09-12 22:49:00,2023-09-12 23:49:00,13.01008,77.19226,Theft reported in Mysuru; investigation ongoing.
108,144020007202400001,202400001,2024-12-09,1002,7,1,2,1,1,2,101,2024-12-09 09:07:00,2024-12-09 10:07:00,2024-12-09 11:07:00,12.94319,77.89576,Theft reported in Mysuru; investigation charge-sheeted.
109,144020007202400002,202400002,2024-04-27,1002,7,1,2,1,1,4,101,2024-04-27 17:17:00,2024-04-27 18:17:00,2024-04-27 19:17:00,12.53727,77.61568,Theft reported in Mysuru; investigation ongoing.
110,144020007202400003,202400003,2024-02-22,1002,7,1,2,1,1,1,101,2024-02-22 04:00:00,2024-02-22 05:00:00,2024-02-22 06:00:00,12.80691,77.93503,Theft reported in Mysuru; investigation ongoing.
111,144020007202500001,202500001,2025-03-14,1002,7,1,2,1,1,4,101,2025-03-14 05:59:00,2025-03-14 06:59:00,2025-03-14 07:59:00,13.18796,77.18631,Theft reported in Mysuru; investigation ongoing.
112,144020007202500002,202500002,2025-05-07,1002,7,1,2,1,1,2,101,2025-05-07 03:21:00,2025-05-07 04:21:00,2025-05-07 05:21:00,12.85891,77.25726,Theft reported in Mysuru; investigation charge-sheeted.
113,144020007202500003,202500003,2025-02-06,1002,7,1,2,1,1,2,101,2025-02-06 04:30:00,2025-02-06 05:30:00,2025-02-06 06:30:00,12.64805,77.26079,Theft reported in Mysuru; investigation charge-sheeted.
114,144020007202500004,202500004,2025-05-06,1002,7,1,2,1,1,2,101,2025-05-06 12:43:00,2025-05-06 13:43:00,2025-05-06 14:43:00,13.29512,77.70356,Theft reported in Mysuru; investigation charge-sheeted.
115,144020007202600001,202600001,2026-08-25,1002,7,1,2,1,1,2,101,2026-08-25 17:51:00,2026-08-25 18:51:00,2026-08-25 19:51:00,12.61841,77.24747,Theft reported in Mysuru; investigation charge-sheeted.
116,144020007202600002,202600002,2026-06-28,1002,7,1,2,1,1,2,101,2026-06-28 16:28:00,2026-06-28 17:28:00,2026-06-28 18:28:00,12.6054,77.58315,Theft reported in Mysuru; investigation charge-sheeted.
117,144020007202600003,202600003,2026-07-09,1002,7,1,2,1,1,2,101,2026-07-09 00:47:00,2026-07-09 01:47:00,2026-07-09 02:47:00,12.47303,77.4237,Theft reported in Mysuru; investigation charge-sheeted.
118,144020007202200005,202200005,2022-11-14,1002,7,1,1,2,2,2,101,2022-11-14 11:57:00,2022-11-14 12:57:00,2022-11-14 13:57:00,13.26962,77.90677,Assault reported in Mysuru; investigation charge-sheeted.
119,144020007202200006,202200006,2022-01-25,1002,7,1,1,2,2,2,101,2022-01-25 00:19:00,2022-01-25 01:19:00,2022-01-25 02:19:00,13.11909,77.42413,Assault reported in Mysuru; investigation charge-sheeted.
120,144020007202200007,202200007,2022-01-08,1002,7,1,1,2,2,2,101,2022-01-08 06:04:00,2022-01-08 07:04:00,2022-01-08 08:04:00,12.43358,77.59778,Assault reported in Mysuru; investigation charge-sheeted.
121,144020007202200008,202200008,2022-12-19,1002,7,1,1,2,2,2,101,2022-12-19 10:36:00,2022-12-19 11:36:00,2022-12-19 12:36:00,13.07253,77.32067,Assault reported in Mysuru; investigation charge-sheeted.
122,144020007202300004,202300004,2023-06-21,1002,7,1,1,2,2,4,101,2023-06-21 21:24:00,2023-06-21 22:24:00,2023-06-21 23:24:00,13.09631,77.40826,Assault reported in Mysuru; investigation ongoing.
123,144020007202300005,202300005,2023-07-18,1002,7,1,1,2,2,2,101,2023-07-18 16:08:00,2023-07-18 17:08:00,2023-07-18 18:08:00,12.655,77.33026,Assault reported in Mysuru; investigation charge-sheeted.
124,144020007202300006,202300006,2023-12-22,1002,7,1,1,2,2,2,101,2023-12-22 17:13:00,2023-12-22 18:13:00,2023-12-22 19:13:00,13.26947,77.33296,Assault reported in Mysuru; investigation charge-sheeted.
125,144020007202400004,202400004,2024-09-21,1002,7,1,1,2,2,2,101,2024-09-21 11:19:00,2024-09-21 12:19:00,2024-09-21 13:19:00,12.91282,77.49728,Assault reported in Mysuru; investigation charge-sheeted.
126,144020007202400005,202400005,2024-05-18,1002,7,1,1,2,2,4,101,2024-05-18 18:37:00,2024-05-18 19:37:00,2024-05-18 20:37:00,12.55241,77.32987,Assault reported in Mysuru; investigation ongoing.
127,144020007202400006,202400006,2024-12-18,1002,7,1,1,2,2,1,101,2024-12-18 15:11:00,2024-12-18 16:11:00,2024-12-18 17:11:00,12.92394,77.83907,Assault reported in Mysuru; investigation ongoing.
128,144020007202500005,202500005,2025-10-21,1002,7,1,1,2,2,2,101,2025-10-21 21:59:00,2025-10-21 22:59:00,2025-10-21 23:59:00,12.8832,77.48785,Assault reported in Mysuru; investigation charge-sheeted.
129,144020007202500006,202500006,2025-09-05,1002,7,1,1,2,2,2,101,2025-09-05 07:12:00,2025-09-05 08:12:00,2025-09-05 09:12:00,12.65242,77.35444,Assault reported in Mysuru; investigation charge-sheeted.
130,144020007202500007,202500007,2025-07-13,1002,7,1,1,2,2,2,101,2025-07-13 12:35:00,2025-07-13 13:35:00,2025-07-13 14:35:00,13.03675,77.70285,Assault reported in Mysuru; investigation charge-sheeted.
131,144020007202600004,202600004,2026-02-22,1002,7,1,1,2,2,2,101,2026-02-22 08:57:00,2026-02-22 09:57:00,2026-02-22 10:57:00,13.05811,77.17935,Assault reported in Mysuru; investigation charge-sheeted.
132,144020007202600005,202600005,2026-09-11,1002,7,1,1,2,2,1,101,2026-09-11 12:48:00,2026-09-11 13:48:00,2026-09-11 14:48:00,12.90079,77.97432,Assault reported in Mysuru; investigation ongoing.
133,144020007202200009,202200009,2022-09-13,1002,7,1,2,3,3,2,101,2022-09-13 13:11:00,2022-09-13 14:11:00,2022-09-13 15:11:00,13.06067,77.08569,Fraud reported in Mysuru; investigation charge-sheeted.
134,144020007202200010,202200010,2022-06-04,1002,7,1,2,3,3,4,101,2022-06-04 02:00:00,2022-06-04 03:00:00,2022-06-04 04:00:00,12.75992,77.26977,Fraud reported in Mysuru; investigation ongoing.
135,144020007202300007,202300007,2023-06-28,1002,7,1,2,3,3,2,101,2023-06-28 12:00:00,2023-06-28 13:00:00,2023-06-28 14:00:00,12.7878,77.0847,Fraud reported in Mysuru; investigation charge-sheeted.
136,144020007202300008,202300008,2023-02-06,1002,7,1,2,3,3,2,101,2023-02-06 13:17:00,2023-02-06 14:17:00,2023-02-06 15:17:00,12.88423,77.07692,Fraud reported in Mysuru; investigation charge-sheeted.
137,144020007202300009,202300009,2023-10-13,1002,7,1,2,3,3,2,101,2023-10-13 10:28:00,2023-10-13 11:28:00,2023-10-13 12:28:00,13.21548,77.85951,Fraud reported in Mysuru; investigation charge-sheeted.
138,144020007202400007,202400007,2024-10-26,1002,7,1,2,3,3,2,101,2024-10-26 07:20:00,2024-10-26 08:20:00,2024-10-26 09:20:00,13.21649,77.39294,Fraud reported in Mysuru; investigation charge-sheeted.
139,144020007202400008,202400008,2024-11-16,1002,7,1,2,3,3,2,101,2024-11-16 04:40:00,2024-11-16 05:40:00,2024-11-16 06:40:00,12.65268,77.15414,Fraud reported in Mysuru; investigation charge-sheeted.
140,144020007202400009,202400009,2024-12-26,1002,7,1,2,3,3,2,101,2024-12-26 17:38:00,2024-12-26 18:38:00,2024-12-26 19:38:00,12.48498,77.76895,Fraud reported in Mysuru; investigation charge-sheeted.
141,144020007202500008,202500008,2025-09-18,1002,7,1,2,3,3,2,101,2025-09-18 18:44:00,2025-09-18 19:44:00,2025-09-18 20:44:00,12.84578,77.39113,Fraud reported in Mysuru; investigation charge-sheeted.
142,144020007202500009,202500009,2025-05-11,1002,7,1,2,3,3,2,101,2025-05-11 14:50:00,2025-05-11 15:50:00,2025-05-11 16:50:00,12.88293,77.47616,Fraud reported in Mysuru; investigation charge-sheeted.
143,144020007202500010,202500010,2025-09-06,1002,7,1,2,3,3,2,101,2025-09-06 17:10:00,2025-09-06 18:10:00,2025-09-06 19:10:00,12.82637,77.46205,Fraud reported in Mysuru; investigation charge-sheeted.
144,144020007202600006,202600006,2026-05-25,1002,7,1,2,3,3,1,101,2026-05-25 22:51:00,2026-05-25 23:51:00,2026-05-26 00:51:00,13.1995,77.53689,Fraud reported in Mysuru; investigation ongoing.
145,144020007202600007,202600007,2026-10-04,1002,7,1,2,3,3,1,101,2026-10-04 11:22:00,2026-10-04 12:22:00,2026-10-04 13:22:00,13.21374,77.70599,Fraud reported in Mysuru; investigation ongoing.
146,144020007202200011,202200011,2022-07-20,1002,7,1,2,1,4,2,101,2022-07-20 04:36:00,2022-07-20 05:36:00,2022-07-20 06:36:00,12.58575,77.6355,Burglary reported in Mysuru; investigation charge-sheeted.
147,144020007202200012,202200012,2022-01-16,1002,7,1,2,1,4,4,101,2022-01-16 04:12:00,2022-01-16 05:12:00,2022-01-16 06:12:00,12.80913,77.49173,Burglary reported in Mysuru; investigation ongoing.
148,144020007202200013,202200013,2022-03-25,1002,7,1,2,1,4,4,101,2022-03-25 14:36:00,2022-03-25 15:36:00,2022-03-25 16:36:00,12.94973,77.11321,Burglary reported in Mysuru; investigation ongoing.
149,144020007202300010,202300010,2023-01-15,1002,7,1,2,1,4,1,101,2023-01-15 08:22:00,2023-01-15 09:22:00,2023-01-15 10:22:00,12.83907,77.99396,Burglary reported in Mysuru; investigation ongoing.
150,144020007202300011,202300011,2023-09-09,1002,7,1,2,1,4,2,101,2023-09-09 19:34:00,2023-09-09 20:34:00,2023-09-09 21:34:00,13.379,77.29263,Burglary reported in Mysuru; investigation charge-sheeted.
151,144020007202300012,202300012,2023-03-23,1002,7,1,2,1,4,2,101,2023-03-23 10:53:00,2023-03-23 11:53:00,2023-03-23 12:53:00,13.24356,77.3927,Burglary reported in Mysuru; investigation charge-sheeted.
152,144020007202400010,202400010,2024-06-19,1002,7,1,2,1,4,1,101,2024-06-19 00:55:00,2024-06-19 01:55:00,2024-06-19 02:55:00,13.13093,77.45845,Burglary reported in Mysuru; investigation ongoing.
153,144020007202400011,202400011,2024-09-19,1002,7,1,2,1,4,4,101,2024-09-19 04:36:00,2024-09-19 05:36:00,2024-09-19 06:36:00,13.29415,77.76225,Burglary reported in Mysuru; investigation ongoing.
154,144020007202400012,202400012,2024-12-05,1002,7,1,2,1,4,2,101,2024-12-05 20:19:00,2024-12-05 21:19:00,2024-12-05 22:19:00,13.33273,77.27402,Burglary reported in Mysuru; investigation charge-sheeted.
155,144020007202400013,202400013,2024-11-03,1002,7,1,2,1,4,2,101,2024-11-03 22:06:00,2024-11-03 23:06:00,2024-11-04 00:06:00,12.87681,77.1327,Burglary reported in Mysuru; investigation charge-sheeted.
156,144020007202500011,202500011,2025-12-26,1002,7,1,2,1,4,2,101,2025-12-26 03:06:00,2025-12-26 04:06:00,2025-12-26 05:06:00,13.28099,77.13713,Burglary reported in Mysuru; investigation charge-sheeted.
157,144020007202500012,202500012,2025-10-22,1002,7,1,2,1,4,2,101,2025-10-22 14:55:00,2025-10-22 15:55:00,2025-10-22 16:55:00,13.29659,77.14001,Burglary reported in Mysuru; investigation charge-sheeted.
158,144020007202500013,202500013,2025-01-28,1002,7,1,2,1,4,2,101,2025-01-28 21:56:00,2025-01-28 22:56:00,2025-01-28 23:56:00,12.91775,77.50952,Burglary reported in Mysuru; investigation charge-sheeted.
159,144020007202600008,202600008,2026-01-12,1002,7,1,2,1,4,2,101,2026-01-12 10:08:00,2026-01-12 11:08:00,2026-01-12 12:08:00,13.23897,77.42086,Burglary reported in Mysuru; investigation charge-sheeted.
160,144020007202600009,202600009,2026-05-21,1002,7,1,2,1,4,4,101,2026-05-21 22:32:00,2026-05-21 23:32:00,2026-05-22 00:32:00,13.10181,77.08243,Burglary reported in Mysuru; investigation ongoing.
161,144020007202600010,202600010,2026-05-23,1002,7,1,2,1,4,1,101,2026-05-23 13:46:00,2026-05-23 14:46:00,2026-05-23 15:46:00,12.45791,77.08621,Burglary reported in Mysuru; investigation ongoing.
162,144020007202600011,202600011,2026-03-16,1002,7,1,2,1,4,2,101,2026-03-16 11:33:00,2026-03-16 12:33:00,2026-03-16 13:33:00,13.22251,77.25925,Burglary reported in Mysuru; investigation charge-sheeted.
163,144030008202200001,202200001,2022-10-21,1003,8,1,2,1,1,2,102,2022-10-21 02:31:00,2022-10-21 03:31:00,2022-10-21 04:31:00,12.76012,77.49961,Theft reported in Belagavi; investigation charge-sheeted.
164,144030008202200002,202200002,2022-01-16,1003,8,1,2,1,1,1,102,2022-01-16 11:24:00,2022-01-16 12:24:00,2022-01-16 13:24:00,13.33116,77.85749,Theft reported in Belagavi; investigation ongoing.
165,144030008202200003,202200003,2022-03-08,1003,8,1,2,1,1,1,102,2022-03-08 16:02:00,2022-03-08 17:02:00,2022-03-08 18:02:00,13.27699,77.86603,Theft reported in Belagavi; investigation ongoing.
166,144030008202200004,202200004,2022-08-12,1003,8,1,2,1,1,1,102,2022-08-12 18:31:00,2022-08-12 19:31:00,2022-08-12 20:31:00,13.13246,77.54656,Theft reported in Belagavi; investigation ongoing.
167,144030008202300001,202300001,2023-07-28,1003,8,1,2,1,1,2,102,2023-07-28 23:46:00,2023-07-29 00:46:00,2023-07-29 01:46:00,12.60519,77.98312,Theft reported in Belagavi; investigation charge-sheeted.
168,144030008202300002,202300002,2023-12-03,1003,8,1,2,1,1,2,102,2023-12-03 18:06:00,2023-12-03 19:06:00,2023-12-03 20:06:00,13.03722,77.39435,Theft reported in Belagavi; investigation charge-sheeted.
169,144030008202300003,202300003,2023-04-03,1003,8,1,2,1,1,1,102,2023-04-03 06:08:00,2023-04-03 07:08:00,2023-04-03 08:08:00,12.55541,77.16437,Theft reported in Belagavi; investigation ongoing.
170,144030008202300004,202300004,2023-02-06,1003,8,1,2,1,1,1,102,2023-02-06 21:19:00,2023-02-06 22:19:00,2023-02-06 23:19:00,12.61502,77.85657,Theft reported in Belagavi; investigation ongoing.
171,144030008202400001,202400001,2024-07-28,1003,8,1,2,1,1,1,102,2024-07-28 14:35:00,2024-07-28 15:35:00,2024-07-28 16:35:00,12.49473,77.10191,Theft reported in Belagavi; investigation ongoing.
172,144030008202400002,202400002,2024-02-01,1003,8,1,2,1,1,4,102,2024-02-01 02:12:00,2024-02-01 03:12:00,2024-02-01 04:12:00,13.2093,77.09198,Theft reported in Belagavi; investigation ongoing.
173,144030008202500001,202500001,2025-07-06,1003,8,1,2,1,1,4,102,2025-07-06 11:13:00,2025-07-06 12:13:00,2025-07-06 13:13:00,12.67985,77.88342,Theft reported in Belagavi; investigation ongoing.
174,144030008202500002,202500002,2025-03-14,1003,8,1,2,1,1,1,102,2025-03-14 06:41:00,2025-03-14 07:41:00,2025-03-14 08:41:00,13.03075,77.80217,Theft reported in Belagavi; investigation ongoing.
175,144030008202500003,202500003,2025-06-20,1003,8,1,2,1,1,4,102,2025-06-20 07:01:00,2025-06-20 08:01:00,2025-06-20 09:01:00,12.45859,77.99153,Theft reported in Belagavi; investigation ongoing.
176,144030008202600001,202600001,2026-07-12,1003,8,1,2,1,1,2,102,2026-07-12 05:11:00,2026-07-12 06:11:00,2026-07-12 07:11:00,12.718,77.73811,Theft reported in Belagavi; investigation charge-sheeted.
177,144030008202600002,202600002,2026-02-02,1003,8,1,2,1,1,2,102,2026-02-02 07:38:00,2026-02-02 08:38:00,2026-02-02 09:38:00,12.92645,77.00068,Theft reported in Belagavi; investigation charge-sheeted.
178,144030008202600003,202600003,2026-09-28,1003,8,1,2,1,1,2,102,2026-09-28 11:04:00,2026-09-28 12:04:00,2026-09-28 13:04:00,13.34192,77.3956,Theft reported in Belagavi; investigation charge-sheeted.
179,144030008202200005,202200005,2022-03-13,1003,8,1,1,2,2,1,102,2022-03-13 09:46:00,2022-03-13 10:46:00,2022-03-13 11:46:00,12.57771,77.0018,Assault reported in Belagavi; investigation ongoing.
180,144030008202200006,202200006,2022-04-12,1003,8,1,1,2,2,2,102,2022-04-12 10:10:00,2022-04-12 11:10:00,2022-04-12 12:10:00,13.36308,77.82166,Assault reported in Belagavi; investigation charge-sheeted.
181,144030008202200007,202200007,2022-07-15,1003,8,1,1,2,2,4,102,2022-07-15 23:26:00,2022-07-16 00:26:00,2022-07-16 01:26:00,12.89308,77.37871,Assault reported in Belagavi; investigation ongoing.
182,144030008202300005,202300005,2023-02-03,1003,8,1,1,2,2,1,102,2023-02-03 10:10:00,2023-02-03 11:10:00,2023-02-03 12:10:00,13.13199,77.54705,Assault reported in Belagavi; investigation ongoing.
183,144030008202300006,202300006,2023-02-11,1003,8,1,1,2,2,2,102,2023-02-11 06:12:00,2023-02-11 07:12:00,2023-02-11 08:12:00,12.95411,77.92557,Assault reported in Belagavi; investigation charge-sheeted.
184,144030008202300007,202300007,2023-01-14,1003,8,1,1,2,2,4,102,2023-01-14 02:18:00,2023-01-14 03:18:00,2023-01-14 04:18:00,12.59967,77.02574,Assault reported in Belagavi; investigation ongoing.
185,144030008202400003,202400003,2024-07-12,1003,8,1,1,2,2,2,102,2024-07-12 05:28:00,2024-07-12 06:28:00,2024-07-12 07:28:00,12.83974,77.2634,Assault reported in Belagavi; investigation charge-sheeted.
186,144030008202400004,202400004,2024-09-14,1003,8,1,1,2,2,4,102,2024-09-14 17:43:00,2024-09-14 18:43:00,2024-09-14 19:43:00,12.97271,77.23564,Assault reported in Belagavi; investigation ongoing.
187,144030008202500004,202500004,2025-07-03,1003,8,1,1,2,2,2,102,2025-07-03 21:27:00,2025-07-03 22:27:00,2025-07-03 23:27:00,13.22256,77.14788,Assault reported in Belagavi; investigation charge-sheeted.
188,144030008202500005,202500005,2025-12-20,1003,8,1,1,2,2,1,102,2025-12-20 18:33:00,2025-12-20 19:33:00,2025-12-20 20:33:00,12.81444,77.1482,Assault reported in Belagavi; investigation ongoing.
189,144030008202600004,202600004,2026-05-13,1003,8,1,1,2,2,2,102,2026-05-13 04:39:00,2026-05-13 05:39:00,2026-05-13 06:39:00,13.09366,77.03878,Assault reported in Belagavi; investigation charge-sheeted.
190,144030008202600005,202600005,2026-11-04,1003,8,1,1,2,2,2,102,2026-11-04 07:08:00,2026-11-04 08:08:00,2026-11-04 09:08:00,13.14372,77.77403,Assault reported in Belagavi; investigation charge-sheeted.
191,144030008202200008,202200008,2022-01-17,1003,8,1,2,3,3,2,102,2022-01-17 05:04:00,2022-01-17 06:04:00,2022-01-17 07:04:00,12.9068,77.13565,Fraud reported in Belagavi; investigation charge-sheeted.
192,144030008202200009,202200009,2022-06-27,1003,8,1,2,3,3,2,102,2022-06-27 14:32:00,2022-06-27 15:32:00,2022-06-27 16:32:00,13.32307,77.68117,Fraud reported in Belagavi; investigation charge-sheeted.
193,144030008202200010,202200010,2022-01-13,1003,8,1,2,3,3,1,102,2022-01-13 01:10:00,2022-01-13 02:10:00,2022-01-13 03:10:00,13.25711,77.64738,Fraud reported in Belagavi; investigation ongoing.
194,144030008202200011,202200011,2022-04-09,1003,8,1,2,3,3,4,102,2022-04-09 19:51:00,2022-04-09 20:51:00,2022-04-09 21:51:00,12.82381,77.37648,Fraud reported in Belagavi; investigation ongoing.
195,144030008202300008,202300008,2023-10-20,1003,8,1,2,3,3,4,102,2023-10-20 09:19:00,2023-10-20 10:19:00,2023-10-20 11:19:00,12.46384,77.98836,Fraud reported in Belagavi; investigation ongoing.
196,144030008202300009,202300009,2023-11-11,1003,8,1,2,3,3,4,102,2023-11-11 21:08:00,2023-11-11 22:08:00,2023-11-11 23:08:00,13.39747,77.25943,Fraud reported in Belagavi; investigation ongoing.
197,144030008202300010,202300010,2023-09-10,1003,8,1,2,3,3,1,102,2023-09-10 05:53:00,2023-09-10 06:53:00,2023-09-10 07:53:00,12.69378,77.47078,Fraud reported in Belagavi; investigation ongoing.
198,144030008202400005,202400005,2024-06-12,1003,8,1,2,3,3,2,102,2024-06-12 08:37:00,2024-06-12 09:37:00,2024-06-12 10:37:00,13.25121,77.47054,Fraud reported in Belagavi; investigation charge-sheeted.
199,144030008202400006,202400006,2024-06-14,1003,8,1,2,3,3,4,102,2024-06-14 18:57:00,2024-06-14 19:57:00,2024-06-14 20:57:00,12.54322,77.86239,Fraud reported in Belagavi; investigation ongoing.
200,144030008202400007,202400007,2024-03-19,1003,8,1,2,3,3,1,102,2024-03-19 05:31:00,2024-03-19 06:31:00,2024-03-19 07:31:00,12.52941,77.43371,Fraud reported in Belagavi; investigation ongoing.
201,144030008202500006,202500006,2025-09-07,1003,8,1,2,3,3,2,102,2025-09-07 00:43:00,2025-09-07 01:43:00,2025-09-07 02:43:00,13.1336,77.22627,Fraud reported in Belagavi; investigation charge-sheeted.
202,144030008202500007,202500007,2025-10-17,1003,8,1,2,3,3,1,102,2025-10-17 10:27:00,2025-10-17 11:27:00,2025-10-17 12:27:00,12.74273,77.90138,Fraud reported in Belagavi; investigation ongoing.
203,144030008202500008,202500008,2025-02-12,1003,8,1,2,3,3,4,102,2025-02-12 22:41:00,2025-02-12 23:41:00,2025-02-13 00:41:00,13.27654,77.25579,Fraud reported in Belagavi; investigation ongoing.
204,144030008202500009,202500009,2025-07-04,1003,8,1,2,3,3,2,102,2025-07-04 17:16:00,2025-07-04 18:16:00,2025-07-04 19:16:00,12.55313,77.69519,Fraud reported in Belagavi; investigation charge-sheeted.
205,144030008202600006,202600006,2026-02-10,1003,8,1,2,3,3,2,102,2026-02-10 03:50:00,2026-02-10 04:50:00,2026-02-10 05:50:00,12.59865,77.19975,Fraud reported in Belagavi; investigation charge-sheeted.
206,144030008202600007,202600007,2026-01-22,1003,8,1,2,3,3,2,102,2026-01-22 02:58:00,2026-01-22 03:58:00,2026-01-22 04:58:00,12.97415,77.4941,Fraud reported in Belagavi; investigation charge-sheeted.
207,144030008202600008,202600008,2026-01-28,1003,8,1,2,3,3,4,102,2026-01-28 09:23:00,2026-01-28 10:23:00,2026-01-28 11:23:00,12.826,77.1159,Fraud reported in Belagavi; investigation ongoing.
208,144030008202600009,202600009,2026-03-04,1003,8,1,2,3,3,4,102,2026-03-04 12:25:00,2026-03-04 13:25:00,2026-03-04 14:25:00,13.23571,77.6899,Fraud reported in Belagavi; investigation ongoing.
209,144030008202200012,202200012,2022-11-15,1003,8,1,2,1,4,2,102,2022-11-15 05:39:00,2022-11-15 06:39:00,2022-11-15 07:39:00,12.7586,77.02882,Burglary reported in Belagavi; investigation charge-sheeted.
210,144030008202200013,202200013,2022-12-28,1003,8,1,2,1,4,1,102,2022-12-28 21:33:00,2022-12-28 22:33:00,2022-12-28 23:33:00,13.3779,77.66984,Burglary reported in Belagavi; investigation ongoing.
211,144030008202200014,202200014,2022-09-28,1003,8,1,2,1,4,2,102,2022-09-28 15:54:00,2022-09-28 16:54:00,2022-09-28 17:54:00,12.5654,77.75143,Burglary reported in Belagavi; investigation charge-sheeted.
212,144030008202200015,202200015,2022-10-15,1003,8,1,2,1,4,2,102,2022-10-15 02:54:00,2022-10-15 03:54:00,2022-10-15 04:54:00,12.71606,77.98067,Burglary reported in Belagavi; investigation charge-sheeted.
213,144030008202300011,202300011,2023-06-12,1003,8,1,2,1,4,2,102,2023-06-12 01:52:00,2023-06-12 02:52:00,2023-06-12 03:52:00,12.85446,77.56015,Burglary reported in Belagavi; investigation charge-sheeted.
214,144030008202300012,202300012,2023-11-26,1003,8,1,2,1,4,2,102,2023-11-26 09:35:00,2023-11-26 10:35:00,2023-11-26 11:35:00,13.1021,77.04578,Burglary reported in Belagavi; investigation charge-sheeted.
215,144030008202300013,202300013,2023-12-11,1003,8,1,2,1,4,2,102,2023-12-11 03:48:00,2023-12-11 04:48:00,2023-12-11 05:48:00,13.32663,77.83747,Burglary reported in Belagavi; investigation charge-sheeted.
216,144030008202400008,202400008,2024-09-25,1003,8,1,2,1,4,2,102,2024-09-25 05:44:00,2024-09-25 06:44:00,2024-09-25 07:44:00,13.13049,77.12838,Burglary reported in Belagavi; investigation charge-sheeted.
217,144030008202400009,202400009,2024-07-20,1003,8,1,2,1,4,4,102,2024-07-20 22:56:00,2024-07-20 23:56:00,2024-07-21 00:56:00,13.24307,77.54781,Burglary reported in Belagavi; investigation ongoing.
218,144030008202400010,202400010,2024-12-04,1003,8,1,2,1,4,2,102,2024-12-04 11:35:00,2024-12-04 12:35:00,2024-12-04 13:35:00,12.97064,77.66716,Burglary reported in Belagavi; investigation charge-sheeted.
219,144030008202500010,202500010,2025-03-10,1003,8,1,2,1,4,2,102,2025-03-10 21:16:00,2025-03-10 22:16:00,2025-03-10 23:16:00,12.46203,77.78436,Burglary reported in Belagavi; investigation charge-sheeted.
220,144030008202500011,202500011,2025-07-14,1003,8,1,2,1,4,1,102,2025-07-14 21:20:00,2025-07-14 22:20:00,2025-07-14 23:20:00,12.41297,77.25134,Burglary reported in Belagavi; investigation ongoing.
221,144030008202600010,202600010,2026-03-24,1003,8,1,2,1,4,2,102,2026-03-24 16:07:00,2026-03-24 17:07:00,2026-03-24 18:07:00,12.82851,77.5566,Burglary reported in Belagavi; investigation charge-sheeted.
222,144030008202600011,202600011,2026-10-27,1003,8,1,2,1,4,2,102,2026-10-27 21:19:00,2026-10-27 22:19:00,2026-10-27 23:19:00,12.97268,77.35809,Burglary reported in Belagavi; investigation charge-sheeted.
223,144040009202200001,202200001,2022-11-11,1004,9,1,2,1,1,2,103,2022-11-11 10:23:00,2022-11-11 11:23:00,2022-11-11 12:23:00,13.35031,77.61828,Theft reported in Kalaburagi; investigation charge-sheeted.
224,144040009202200002,202200002,2022-05-18,1004,9,1,2,1,1,2,103,2022-05-18 23:18:00,2022-05-19 00:18:00,2022-05-19 01:18:00,12.91687,77.77049,Theft reported in Kalaburagi; investigation charge-sheeted.
225,144040009202200003,202200003,2022-02-07,1004,9,1,2,1,1,4,103,2022-02-07 21:40:00,2022-02-07 22:40:00,2022-02-07 23:40:00,13.23567,77.20558,Theft reported in Kalaburagi; investigation ongoing.
226,144040009202300001,202300001,2023-03-26,1004,9,1,2,1,1,2,103,2023-03-26 08:35:00,2023-03-26 09:35:00,2023-03-26 10:35:00,13.22162,77.91099,Theft reported in Kalaburagi; investigation charge-sheeted.
227,144040009202400001,202400001,2024-02-25,1004,9,1,2,1,1,2,103,2024-02-25 23:37:00,2024-02-26 00:37:00,2024-02-26 01:37:00,13.24825,77.3577,Theft reported in Kalaburagi; investigation charge-sheeted.
228,144040009202400002,202400002,2024-03-18,1004,9,1,2,1,1,4,103,2024-03-18 07:08:00,2024-03-18 08:08:00,2024-03-18 09:08:00,13.36013,77.14408,Theft reported in Kalaburagi; investigation ongoing.
229,144040009202500001,202500001,2025-12-12,1004,9,1,2,1,1,1,103,2025-12-12 06:26:00,2025-12-12 07:26:00,2025-12-12 08:26:00,12.56095,77.22079,Theft reported in Kalaburagi; investigation ongoing.
230,144040009202500002,202500002,2025-05-04,1004,9,1,2,1,1,4,103,2025-05-04 06:46:00,2025-05-04 07:46:00,2025-05-04 08:46:00,12.75714,77.6713,Theft reported in Kalaburagi; investigation ongoing.
231,144040009202600001,202600001,2026-06-26,1004,9,1,2,1,1,2,103,2026-06-26 10:27:00,2026-06-26 11:27:00,2026-06-26 12:27:00,12.71321,77.78566,Theft reported in Kalaburagi; investigation charge-sheeted.
232,144040009202600002,202600002,2026-09-04,1004,9,1,2,1,1,4,103,2026-09-04 05:41:00,2026-09-04 06:41:00,2026-09-04 07:41:00,13.25871,77.14,Theft reported in Kalaburagi; investigation ongoing.
233,144040009202200004,202200004,2022-09-09,1004,9,1,1,2,2,4,103,2022-09-09 17:57:00,2022-09-09 18:57:00,2022-09-09 19:57:00,13.05391,77.14863,Assault reported in Kalaburagi; investigation ongoing.
234,144040009202200005,202200005,2022-11-08,1004,9,1,1,2,2,2,103,2022-11-08 19:43:00,2022-11-08 20:43:00,2022-11-08 21:43:00,12.91414,77.44622,Assault reported in Kalaburagi; investigation charge-sheeted.
235,144040009202200006,202200006,2022-01-22,1004,9,1,1,2,2,4,103,2022-01-22 06:33:00,2022-01-22 07:33:00,2022-01-22 08:33:00,12.78809,77.9179,Assault reported in Kalaburagi; investigation ongoing.
236,144040009202300002,202300002,2023-07-08,1004,9,1,1,2,2,2,103,2023-07-08 16:25:00,2023-07-08 17:25:00,2023-07-08 18:25:00,13.26772,77.48686,Assault reported in Kalaburagi; investigation charge-sheeted.
237,144040009202300003,202300003,2023-03-12,1004,9,1,1,2,2,1,103,2023-03-12 19:45:00,2023-03-12 20:45:00,2023-03-12 21:45:00,12.81461,77.33022,Assault reported in Kalaburagi; investigation ongoing.
238,144040009202400003,202400003,2024-10-19,1004,9,1,1,2,2,1,103,2024-10-19 05:08:00,2024-10-19 06:08:00,2024-10-19 07:08:00,13.2908,77.14687,Assault reported in Kalaburagi; investigation ongoing.
239,144040009202500003,202500003,2025-03-08,1004,9,1,1,2,2,2,103,2025-03-08 13:38:00,2025-03-08 14:38:00,2025-03-08 15:38:00,12.98265,77.76749,Assault reported in Kalaburagi; investigation charge-sheeted.
240,144040009202500004,202500004,2025-09-28,1004,9,1,1,2,2,2,103,2025-09-28 16:43:00,2025-09-28 17:43:00,2025-09-28 18:43:00,12.54956,77.0963,Assault reported in Kalaburagi; investigation charge-sheeted.
241,144040009202500005,202500005,2025-01-23,1004,9,1,1,2,2,2,103,2025-01-23 16:27:00,2025-01-23 17:27:00,2025-01-23 18:27:00,13.2023,77.78956,Assault reported in Kalaburagi; investigation charge-sheeted.
242,144040009202600003,202600003,2026-12-24,1004,9,1,1,2,2,1,103,2026-12-24 00:36:00,2026-12-24 01:36:00,2026-12-24 02:36:00,12.77503,77.20542,Assault reported in Kalaburagi; investigation ongoing.
243,144040009202600004,202600004,2026-10-09,1004,9,1,1,2,2,4,103,2026-10-09 21:25:00,2026-10-09 22:25:00,2026-10-09 23:25:00,12.9521,77.55756,Assault reported in Kalaburagi; investigation ongoing.
244,144040009202200007,202200007,2022-11-04,1004,9,1,2,3,3,2,103,2022-11-04 23:14:00,2022-11-05 00:14:00,2022-11-05 01:14:00,13.09931,77.1618,Fraud reported in Kalaburagi; investigation charge-sheeted.
245,144040009202200008,202200008,2022-02-09,1004,9,1,2,3,3,2,103,2022-02-09 07:23:00,2022-02-09 08:23:00,2022-02-09 09:23:00,12.43776,77.38433,Fraud reported in Kalaburagi; investigation charge-sheeted.
246,144040009202200009,202200009,2022-09-17,1004,9,1,2,3,3,1,103,2022-09-17 22:14:00,2022-09-17 23:14:00,2022-09-18 00:14:00,12.75974,77.65502,Fraud reported in Kalaburagi; investigation ongoing.
247,144040009202300004,202300004,2023-09-10,1004,9,1,2,3,3,4,103,2023-09-10 23:53:00,2023-09-11 00:53:00,2023-09-11 01:53:00,12.74748,77.81551,Fraud reported in Kalaburagi; investigation ongoing.
248,144040009202300005,202300005,2023-09-10,1004,9,1,2,3,3,4,103,2023-09-10 10:07:00,2023-09-10 11:07:00,2023-09-10 12:07:00,13.27611,77.81315,Fraud reported in Kalaburagi; investigation ongoing.
249,144040009202300006,202300006,2023-08-04,1004,9,1,2,3,3,2,103,2023-08-04 08:04:00,2023-08-04 09:04:00,2023-08-04 10:04:00,13.18866,77.22038,Fraud reported in Kalaburagi; investigation charge-sheeted.
250,144040009202400004,202400004,2024-03-16,1004,9,1,2,3,3,2,103,2024-03-16 10:22:00,2024-03-16 11:22:00,2024-03-16 12:22:00,12.97371,77.18278,Fraud reported in Kalaburagi; investigation charge-sheeted.
251,144040009202400005,202400005,2024-02-04,1004,9,1,2,3,3,4,103,2024-02-04 02:43:00,2024-02-04 03:43:00,2024-02-04 04:43:00,13.01383,77.76424,Fraud reported in Kalaburagi; investigation ongoing.
252,144040009202500006,202500006,2025-10-05,1004,9,1,2,3,3,4,103,2025-10-05 01:33:00,2025-10-05 02:33:00,2025-10-05 03:33:00,13.33965,77.03256,Fraud reported in Kalaburagi; investigation ongoing.
253,144040009202500007,202500007,2025-07-19,1004,9,1,2,3,3,2,103,2025-07-19 03:20:00,2025-07-19 04:20:00,2025-07-19 05:20:00,13.26184,77.18715,Fraud reported in Kalaburagi; investigation charge-sheeted.
254,144040009202600005,202600005,2026-06-28,1004,9,1,2,3,3,2,103,2026-06-28 12:17:00,2026-06-28 13:17:00,2026-06-28 14:17:00,12.97141,77.97927,Fraud reported in Kalaburagi; investigation charge-sheeted.
255,144040009202600006,202600006,2026-07-16,1004,9,1,2,3,3,4,103,2026-07-16 04:57:00,2026-07-16 05:57:00,2026-07-16 06:57:00,13.18533,77.30003,Fraud reported in Kalaburagi; investigation ongoing.
256,144040009202200010,202200010,2022-06-09,1004,9,1,2,1,4,4,103,2022-06-09 11:23:00,2022-06-09 12:23:00,2022-06-09 13:23:00,12.74414,77.41176,Burglary reported in Kalaburagi; investigation ongoing.
257,144040009202200011,202200011,2022-10-10,1004,9,1,2,1,4,1,103,2022-10-10 14:40:00,2022-10-10 15:40:00,2022-10-10 16:40:00,13.04058,77.92857,Burglary reported in Kalaburagi; investigation ongoing.
258,144040009202300007,202300007,2023-07-09,1004,9,1,2,1,4,4,103,2023-07-09 14:49:00,2023-07-09 15:49:00,2023-07-09 16:49:00,13.1479,77.52094,Burglary reported in Kalaburagi; investigation ongoing.
259,144040009202300008,202300008,2023-07-04,1004,9,1,2,1,4,4,103,2023-07-04 03:04:00,2023-07-04 04:04:00,2023-07-04 05:04:00,12.94843,77.02636,Burglary reported in Kalaburagi; investigation ongoing.
260,144040009202400006,202400006,2024-03-05,1004,9,1,2,1,4,2,103,2024-03-05 16:53:00,2024-03-05 17:53:00,2024-03-05 18:53:00,12.43515,77.35684,Burglary reported in Kalaburagi; investigation charge-sheeted.
261,144040009202400007,202400007,2024-11-21,1004,9,1,2,1,4,4,103,2024-11-21 17:19:00,2024-11-21 18:19:00,2024-11-21 19:19:00,12.93967,77.80471,Burglary reported in Kalaburagi; investigation ongoing.
262,144040009202500008,202500008,2025-01-23,1004,9,1,2,1,4,1,103,2025-01-23 15:48:00,2025-01-23 16:48:00,2025-01-23 17:48:00,13.16587,77.79796,Burglary reported in Kalaburagi; investigation ongoing.
263,144040009202500009,202500009,2025-07-08,1004,9,1,2,1,4,2,103,2025-07-08 08:05:00,2025-07-08 09:05:00,2025-07-08 10:05:00,12.63956,77.76454,Burglary reported in Kalaburagi; investigation charge-sheeted.
264,144040009202600007,202600007,2026-12-20,1004,9,1,2,1,4,2,103,2026-12-20 15:12:00,2026-12-20 16:12:00,2026-12-20 17:12:00,12.55215,77.96972,Burglary reported in Kalaburagi; investigation charge-sheeted.
265,144040009202600008,202600008,2026-04-11,1004,9,1,2,1,4,4,103,2026-04-11 13:19:00,2026-04-11 14:19:00,2026-04-11 15:19:00,13.39796,77.46368,Burglary reported in Kalaburagi; investigation ongoing.
266,144050010202200001,202200001,2022-05-27,1005,10,1,2,1,1,2,104,2022-05-27 12:53:00,2022-05-27 13:53:00,2022-05-27 14:53:00,13.3746,77.71468,Theft reported in Dakshina Kannada; investigation charge-sheeted.
267,144050010202200002,202200002,2022-03-21,1005,10,1,2,1,1,2,104,2022-03-21 23:02:00,2022-03-22 00:02:00,2022-03-22 01:02:00,12.94958,77.12214,Theft reported in Dakshina Kannada; investigation charge-sheeted.
268,144050010202200003,202200003,2022-05-19,1005,10,1,2,1,1,1,104,2022-05-19 03:25:00,2022-05-19 04:25:00,2022-05-19 05:25:00,13.36883,77.58108,Theft reported in Dakshina Kannada; investigation ongoing.
269,144050010202300001,202300001,2023-11-02,1005,10,1,2,1,1,2,104,2023-11-02 01:22:00,2023-11-02 02:22:00,2023-11-02 03:22:00,13.10133,77.79147,Theft reported in Dakshina Kannada; investigation charge-sheeted.
270,144050010202300002,202300002,2023-01-16,1005,10,1,2,1,1,2,104,2023-01-16 22:28:00,2023-01-16 23:28:00,2023-01-17 00:28:00,12.94273,77.49009,Theft reported in Dakshina Kannada; investigation charge-sheeted.
271,144050010202300003,202300003,2023-09-12,1005,10,1,2,1,1,4,104,2023-09-12 14:00:00,2023-09-12 15:00:00,2023-09-12 16:00:00,13.13366,77.88293,Theft reported in Dakshina Kannada; investigation ongoing.
272,144050010202400001,202400001,2024-06-14,1005,10,1,2,1,1,2,104,2024-06-14 20:20:00,2024-06-14 21:20:00,2024-06-14 22:20:00,12.9232,77.06668,Theft reported in Dakshina Kannada; investigation charge-sheeted.
273,144050010202400002,202400002,2024-10-23,1005,10,1,2,1,1,2,104,2024-10-23 18:16:00,2024-10-23 19:16:00,2024-10-23 20:16:00,12.62072,77.71785,Theft reported in Dakshina Kannada; investigation charge-sheeted.
274,144050010202500001,202500001,2025-01-24,1005,10,1,2,1,1,2,104,2025-01-24 02:53:00,2025-01-24 03:53:00,2025-01-24 04:53:00,13.3446,77.96059,Theft reported in Dakshina Kannada; investigation charge-sheeted.
275,144050010202500002,202500002,2025-12-18,1005,10,1,2,1,1,2,104,2025-12-18 13:47:00,2025-12-18 14:47:00,2025-12-18 15:47:00,13.03862,77.35796,Theft reported in Dakshina Kannada; investigation charge-sheeted.
276,144050010202600001,202600001,2026-09-11,1005,10,1,2,1,1,4,104,2026-09-11 11:26:00,2026-09-11 12:26:00,2026-09-11 13:26:00,13.22615,77.32345,Theft reported in Dakshina Kannada; investigation ongoing.
277,144050010202600002,202600002,2026-09-05,1005,10,1,2,1,1,2,104,2026-09-05 09:00:00,2026-09-05 10:00:00,2026-09-05 11:00:00,12.62189,77.85572,Theft reported in Dakshina Kannada; investigation charge-sheeted.
278,144050010202600003,202600003,2026-04-08,1005,10,1,2,1,1,2,104,2026-04-08 08:51:00,2026-04-08 09:51:00,2026-04-08 10:51:00,12.97049,77.56906,Theft reported in Dakshina Kannada; investigation charge-sheeted.
279,144050010202200004,202200004,2022-06-12,1005,10,1,1,2,2,1,104,2022-06-12 13:26:00,2022-06-12 14:26:00,2022-06-12 15:26:00,13.26979,77.22672,Assault reported in Dakshina Kannada; investigation ongoing.
280,144050010202200005,202200005,2022-03-02,1005,10,1,1,2,2,4,104,2022-03-02 21:46:00,2022-03-02 22:46:00,2022-03-02 23:46:00,13.15284,77.57525,Assault reported in Dakshina Kannada; investigation ongoing.
281,144050010202300004,202300004,2023-05-03,1005,10,1,1,2,2,2,104,2023-05-03 12:32:00,2023-05-03 13:32:00,2023-05-03 14:32:00,13.09787,77.76203,Assault reported in Dakshina Kannada; investigation charge-sheeted.
282,144050010202300005,202300005,2023-11-19,1005,10,1,1,2,2,2,104,2023-11-19 02:07:00,2023-11-19 03:07:00,2023-11-19 04:07:00,12.82354,77.34831,Assault reported in Dakshina Kannada; investigation charge-sheeted.
283,144050010202400003,202400003,2024-06-05,1005,10,1,1,2,2,2,104,2024-06-05 23:54:00,2024-06-06 00:54:00,2024-06-06 01:54:00,13.13958,77.24305,Assault reported in Dakshina Kannada; investigation charge-sheeted.
284,144050010202400004,202400004,2024-04-07,1005,10,1,1,2,2,2,104,2024-04-07 17:33:00,2024-04-07 18:33:00,2024-04-07 19:33:00,12.9488,77.62304,Assault reported in Dakshina Kannada; investigation charge-sheeted.
285,144050010202500003,202500003,2025-02-13,1005,10,1,1,2,2,2,104,2025-02-13 21:17:00,2025-02-13 22:17:00,2025-02-13 23:17:00,13.31287,77.36022,Assault reported in Dakshina Kannada; investigation charge-sheeted.
286,144050010202500004,202500004,2025-04-17,1005,10,1,1,2,2,1,104,2025-04-17 14:35:00,2025-04-17 15:35:00,2025-04-17 16:35:00,12.43975,77.92227,Assault reported in Dakshina Kannada; investigation ongoing.
287,144050010202500005,202500005,2025-04-17,1005,10,1,1,2,2,2,104,2025-04-17 08:51:00,2025-04-17 09:51:00,2025-04-17 10:51:00,12.65768,77.38717,Assault reported in Dakshina Kannada; investigation charge-sheeted.
288,144050010202600004,202600004,2026-03-14,1005,10,1,1,2,2,2,104,2026-03-14 09:58:00,2026-03-14 10:58:00,2026-03-14 11:58:00,12.84917,77.13177,Assault reported in Dakshina Kannada; investigation charge-sheeted.
289,144050010202600005,202600005,2026-02-18,1005,10,1,1,2,2,2,104,2026-02-18 17:46:00,2026-02-18 18:46:00,2026-02-18 19:46:00,12.7176,77.87964,Assault reported in Dakshina Kannada; investigation charge-sheeted.
290,144050010202200006,202200006,2022-10-20,1005,10,1,2,3,3,2,104,2022-10-20 08:38:00,2022-10-20 09:38:00,2022-10-20 10:38:00,12.63091,77.23218,Fraud reported in Dakshina Kannada; investigation charge-sheeted.
291,144050010202300006,202300006,2023-03-07,1005,10,1,2,3,3,2,104,2023-03-07 07:02:00,2023-03-07 08:02:00,2023-03-07 09:02:00,13.36882,77.92544,Fraud reported in Dakshina Kannada; investigation charge-sheeted.
292,144050010202300007,202300007,2023-04-14,1005,10,1,2,3,3,2,104,2023-04-14 12:49:00,2023-04-14 13:49:00,2023-04-14 14:49:00,13.13533,77.38037,Fraud reported in Dakshina Kannada; investigation charge-sheeted.
293,144050010202400005,202400005,2024-09-25,1005,10,1,2,3,3,2,104,2024-09-25 20:03:00,2024-09-25 21:03:00,2024-09-25 22:03:00,12.83955,77.8844,Fraud reported in Dakshina Kannada; investigation charge-sheeted.
294,144050010202400006,202400006,2024-10-23,1005,10,1,2,3,3,2,104,2024-10-23 17:08:00,2024-10-23 18:08:00,2024-10-23 19:08:00,12.72346,77.02491,Fraud reported in Dakshina Kannada; investigation charge-sheeted.
295,144050010202500006,202500006,2025-09-23,1005,10,1,2,3,3,1,104,2025-09-23 12:46:00,2025-09-23 13:46:00,2025-09-23 14:46:00,12.77868,77.38061,Fraud reported in Dakshina Kannada; investigation ongoing.
296,144050010202500007,202500007,2025-05-21,1005,10,1,2,3,3,1,104,2025-05-21 05:07:00,2025-05-21 06:07:00,2025-05-21 07:07:00,12.40353,77.7654,Fraud reported in Dakshina Kannada; investigation ongoing.
297,144050010202600006,202600006,2026-10-20,1005,10,1,2,3,3,4,104,2026-10-20 00:15:00,2026-10-20 01:15:00,2026-10-20 02:15:00,13.01977,77.55755,Fraud reported in Dakshina Kannada; investigation ongoing.
298,144050010202600007,202600007,2026-01-04,1005,10,1,2,3,3,2,104,2026-01-04 13:11:00,2026-01-04 14:11:00,2026-01-04 15:11:00,12.68438,77.66092,Fraud reported in Dakshina Kannada; investigation charge-sheeted.
299,144050010202200007,202200007,2022-08-05,1005,10,1,2,1,4,4,104,2022-08-05 03:44:00,2022-08-05 04:44:00,2022-08-05 05:44:00,12.92705,77.52465,Burglary reported in Dakshina Kannada; investigation ongoing.
300,144050010202300008,202300008,2023-10-19,1005,10,1,2,1,4,2,104,2023-10-19 15:33:00,2023-10-19 16:33:00,2023-10-19 17:33:00,12.89774,77.80798,Burglary reported in Dakshina Kannada; investigation charge-sheeted.
301,144050010202300009,202300009,2023-07-14,1005,10,1,2,1,4,2,104,2023-07-14 01:21:00,2023-07-14 02:21:00,2023-07-14 03:21:00,13.20604,77.21234,Burglary reported in Dakshina Kannada; investigation charge-sheeted.
302,144050010202300010,202300010,2023-11-11,1005,10,1,2,1,4,2,104,2023-11-11 10:25:00,2023-11-11 11:25:00,2023-11-11 12:25:00,13.01599,77.02912,Burglary reported in Dakshina Kannada; investigation charge-sheeted.
303,144050010202400007,202400007,2024-09-11,1005,10,1,2,1,4,1,104,2024-09-11 14:50:00,2024-09-11 15:50:00,2024-09-11 16:50:00,13.23511,77.29934,Burglary reported in Dakshina Kannada; investigation ongoing.
304,144050010202400008,202400008,2024-07-21,1005,10,1,2,1,4,2,104,2024-07-21 17:53:00,2024-07-21 18:53:00,2024-07-21 19:53:00,13.00569,77.18738,Burglary reported in Dakshina Kannada; investigation charge-sheeted.
305,144050010202500008,202500008,2025-05-07,1005,10,1,2,1,4,2,104,2025-05-07 16:19:00,2025-05-07 17:19:00,2025-05-07 18:19:00,12.77422,77.0374,Burglary reported in Dakshina Kannada; investigation charge-sheeted.
306,144050010202500009,202500009,2025-02-27,1005,10,1,2,1,4,1,104,2025-02-27 16:43:00,2025-02-27 17:43:00,2025-02-27 18:43:00,13.12457,77.45937,Burglary reported in Dakshina Kannada; investigation ongoing.
307,144050010202500010,202500010,2025-01-19,1005,10,1,2,1,4,4,104,2025-01-19 09:40:00,2025-01-19 10:40:00,2025-01-19 11:40:00,12.60056,77.28657,Burglary reported in Dakshina Kannada; investigation ongoing.
308,144050010202600008,202600008,2026-06-18,1005,10,1,2,1,4,2,104,2026-06-18 10:17:00,2026-06-18 11:17:00,2026-06-18 12:17:00,13.10435,77.28327,Burglary reported in Dakshina Kannada; investigation charge-sheeted.
309,144050010202600009,202600009,2026-01-04,1005,10,1,2,1,4,2,104,2026-01-04 12:03:00,2026-01-04 13:03:00,2026-01-04 14:03:00,12.79192,77.70468,Burglary reported in Dakshina Kannada; investigation charge-sheeted.
310,144060011202200001,202200001,2022-11-21,1006,11,1,2,1,1,2,105,2022-11-21 22:49:00,2022-11-21 23:49:00,2022-11-22 00:49:00,12.63169,77.22379,Theft reported in Tumakuru; investigation charge-sheeted.
311,144060011202200002,202200002,2022-06-16,1006,11,1,2,1,1,2,105,2022-06-16 14:54:00,2022-06-16 15:54:00,2022-06-16 16:54:00,13.16794,77.60444,Theft reported in Tumakuru; investigation charge-sheeted.
312,144060011202300001,202300001,2023-08-13,1006,11,1,2,1,1,2,105,2023-08-13 02:21:00,2023-08-13 03:21:00,2023-08-13 04:21:00,13.09406,77.43115,Theft reported in Tumakuru; investigation charge-sheeted.
313,144060011202400001,202400001,2024-07-03,1006,11,1,2,1,1,2,105,2024-07-03 19:06:00,2024-07-03 20:06:00,2024-07-03 21:06:00,12.99641,77.81987,Theft reported in Tumakuru; investigation charge-sheeted.
314,144060011202500001,202500001,2025-08-07,1006,11,1,2,1,1,4,105,2025-08-07 06:43:00,2025-08-07 07:43:00,2025-08-07 08:43:00,12.97028,77.9132,Theft reported in Tumakuru; investigation ongoing.
315,144060011202500002,202500002,2025-09-02,1006,11,1,2,1,1,2,105,2025-09-02 00:45:00,2025-09-02 01:45:00,2025-09-02 02:45:00,13.3787,77.1097,Theft reported in Tumakuru; investigation charge-sheeted.
316,144060011202600001,202600001,2026-03-07,1006,11,1,2,1,1,4,105,2026-03-07 17:24:00,2026-03-07 18:24:00,2026-03-07 19:24:00,13.23996,77.15427,Theft reported in Tumakuru; investigation ongoing.
317,144060011202200003,202200003,2022-07-28,1006,11,1,1,2,2,4,105,2022-07-28 14:57:00,2022-07-28 15:57:00,2022-07-28 16:57:00,13.02325,77.45439,Assault reported in Tumakuru; investigation ongoing.
318,144060011202300002,202300002,2023-05-14,1006,11,1,1,2,2,2,105,2023-05-14 17:36:00,2023-05-14 18:36:00,2023-05-14 19:36:00,13.37823,77.56815,Assault reported in Tumakuru; investigation charge-sheeted.
319,144060011202300003,202300003,2023-08-21,1006,11,1,1,2,2,1,105,2023-08-21 23:42:00,2023-08-22 00:42:00,2023-08-22 01:42:00,13.08407,77.5392,Assault reported in Tumakuru; investigation ongoing.
320,144060011202400002,202400002,2024-05-10,1006,11,1,1,2,2,4,105,2024-05-10 05:02:00,2024-05-10 06:02:00,2024-05-10 07:02:00,13.12697,77.56371,Assault reported in Tumakuru; investigation ongoing.
321,144060011202400003,202400003,2024-09-03,1006,11,1,1,2,2,2,105,2024-09-03 08:16:00,2024-09-03 09:16:00,2024-09-03 10:16:00,12.68097,77.85786,Assault reported in Tumakuru; investigation charge-sheeted.
322,144060011202500003,202500003,2025-09-28,1006,11,1,1,2,2,1,105,2025-09-28 01:21:00,2025-09-28 02:21:00,2025-09-28 03:21:00,12.99554,77.82172,Assault reported in Tumakuru; investigation ongoing.
323,144060011202600002,202600002,2026-02-02,1006,11,1,1,2,2,2,105,2026-02-02 05:29:00,2026-02-02 06:29:00,2026-02-02 07:29:00,12.70137,77.74615,Assault reported in Tumakuru; investigation charge-sheeted.
324,144060011202600003,202600003,2026-06-17,1006,11,1,1,2,2,2,105,2026-06-17 21:02:00,2026-06-17 22:02:00,2026-06-17 23:02:00,12.93129,77.35383,Assault reported in Tumakuru; investigation charge-sheeted.
325,144060011202200004,202200004,2022-12-06,1006,11,1,2,3,3,2,105,2022-12-06 10:35:00,2022-12-06 11:35:00,2022-12-06 12:35:00,12.40848,77.06795,Fraud reported in Tumakuru; investigation charge-sheeted.
326,144060011202200005,202200005,2022-01-20,1006,11,1,2,3,3,1,105,2022-01-20 02:03:00,2022-01-20 03:03:00,2022-01-20 04:03:00,13.35049,77.63808,Fraud reported in Tumakuru; investigation ongoing.
327,144060011202300004,202300004,2023-05-25,1006,11,1,2,3,3,4,105,2023-05-25 13:44:00,2023-05-25 14:44:00,2023-05-25 15:44:00,12.65734,77.78073,Fraud reported in Tumakuru; investigation ongoing.
328,144060011202300005,202300005,2023-04-20,1006,11,1,2,3,3,2,105,2023-04-20 12:11:00,2023-04-20 13:11:00,2023-04-20 14:11:00,12.50843,77.54063,Fraud reported in Tumakuru; investigation charge-sheeted.
329,144060011202400004,202400004,2024-08-05,1006,11,1,2,3,3,2,105,2024-08-05 20:40:00,2024-08-05 21:40:00,2024-08-05 22:40:00,12.43784,77.39048,Fraud reported in Tumakuru; investigation charge-sheeted.
330,144060011202500004,202500004,2025-12-27,1006,11,1,2,3,3,2,105,2025-12-27 15:07:00,2025-12-27 16:07:00,2025-12-27 17:07:00,13.33504,77.35892,Fraud reported in Tumakuru; investigation charge-sheeted.
331,144060011202500005,202500005,2025-04-06,1006,11,1,2,3,3,1,105,2025-04-06 17:02:00,2025-04-06 18:02:00,2025-04-06 19:02:00,12.69887,77.3901,Fraud reported in Tumakuru; investigation ongoing.
332,144060011202600004,202600004,2026-02-26,1006,11,1,2,3,3,2,105,2026-02-26 17:41:00,2026-02-26 18:41:00,2026-02-26 19:41:00,12.93394,77.83425,Fraud reported in Tumakuru; investigation charge-sheeted.
333,144060011202600005,202600005,2026-09-05,1006,11,1,2,3,3,2,105,2026-09-05 23:37:00,2026-09-06 00:37:00,2026-09-06 01:37:00,12.47203,77.73546,Fraud reported in Tumakuru; investigation charge-sheeted.
334,144060011202200006,202200006,2022-10-03,1006,11,1,2,1,4,2,105,2022-10-03 03:07:00,2022-10-03 04:07:00,2022-10-03 05:07:00,13.19918,77.22057,Burglary reported in Tumakuru; investigation charge-sheeted.
335,144060011202200007,202200007,2022-03-11,1006,11,1,2,1,4,2,105,2022-03-11 02:07:00,2022-03-11 03:07:00,2022-03-11 04:07:00,13.15755,77.16805,Burglary reported in Tumakuru; investigation charge-sheeted.
336,144060011202300006,202300006,2023-02-01,1006,11,1,2,1,4,4,105,2023-02-01 00:11:00,2023-02-01 01:11:00,2023-02-01 02:11:00,12.81622,77.80741,Burglary reported in Tumakuru; investigation ongoing.
337,144060011202300007,202300007,2023-10-06,1006,11,1,2,1,4,2,105,2023-10-06 22:31:00,2023-10-06 23:31:00,2023-10-07 00:31:00,12.48802,77.82648,Burglary reported in Tumakuru; investigation charge-sheeted.
338,144060011202300008,202300008,2023-09-08,1006,11,1,2,1,4,2,105,2023-09-08 14:49:00,2023-09-08 15:49:00,2023-09-08 16:49:00,12.60811,77.05307,Burglary reported in Tumakuru; investigation charge-sheeted.
339,144060011202400005,202400005,2024-10-26,1006,11,1,2,1,4,2,105,2024-10-26 14:02:00,2024-10-26 15:02:00,2024-10-26 16:02:00,12.45246,77.53736,Burglary reported in Tumakuru; investigation charge-sheeted.
340,144060011202400006,202400006,2024-02-11,1006,11,1,2,1,4,2,105,2024-02-11 07:06:00,2024-02-11 08:06:00,2024-02-11 09:06:00,12.8126,77.19996,Burglary reported in Tumakuru; investigation charge-sheeted.
341,144060011202500006,202500006,2025-12-07,1006,11,1,2,1,4,1,105,2025-12-07 20:22:00,2025-12-07 21:22:00,2025-12-07 22:22:00,12.73589,77.03209,Burglary reported in Tumakuru; investigation ongoing.
342,144060011202600006,202600006,2026-11-20,1006,11,1,2,1,4,1,105,2026-11-20 05:36:00,2026-11-20 06:36:00,2026-11-20 07:36:00,12.48647,77.85697,Burglary reported in Tumakuru; investigation ongoing.
343,144060011202600007,202600007,2026-07-19,1006,11,1,2,1,4,1,105,2026-07-19 07:57:00,2026-07-19 08:57:00,2026-07-19 09:57:00,13.31375,77.89825,Burglary reported in Tumakuru; investigation ongoing.
344,144070012202200001,202200001,2022-09-25,1007,12,1,2,1,1,1,106,2022-09-25 00:44:00,2022-09-25 01:44:00,2022-09-25 02:44:00,12.53271,77.29579,Theft reported in Ballari; investigation ongoing.
345,144070012202200002,202200002,2022-03-28,1007,12,1,2,1,1,2,106,2022-03-28 22:25:00,2022-03-28 23:25:00,2022-03-29 00:25:00,13.27155,77.62681,Theft reported in Ballari; investigation charge-sheeted.
346,144070012202300001,202300001,2023-09-19,1007,12,1,2,1,1,4,106,2023-09-19 06:50:00,2023-09-19 07:50:00,2023-09-19 08:50:00,13.13576,77.05481,Theft reported in Ballari; investigation ongoing.
347,144070012202300002,202300002,2023-09-23,1007,12,1,2,1,1,1,106,2023-09-23 06:08:00,2023-09-23 07:08:00,2023-09-23 08:08:00,12.93963,77.64904,Theft reported in Ballari; investigation ongoing.
348,144070012202300003,202300003,2023-06-15,1007,12,1,2,1,1,1,106,2023-06-15 15:32:00,2023-06-15 16:32:00,2023-06-15 17:32:00,12.87016,77.5319,Theft reported in Ballari; investigation ongoing.
349,144070012202400001,202400001,2024-02-04,1007,12,1,2,1,1,2,106,2024-02-04 05:17:00,2024-02-04 06:17:00,2024-02-04 07:17:00,12.54795,77.1505,Theft reported in Ballari; investigation charge-sheeted.
350,144070012202400002,202400002,2024-04-03,1007,12,1,2,1,1,4,106,2024-04-03 00:55:00,2024-04-03 01:55:00,2024-04-03 02:55:00,12.81169,77.34279,Theft reported in Ballari; investigation ongoing.
351,144070012202500001,202500001,2025-05-25,1007,12,1,2,1,1,4,106,2025-05-25 01:09:00,2025-05-25 02:09:00,2025-05-25 03:09:00,13.35621,77.61863,Theft reported in Ballari; investigation ongoing.
352,144070012202500002,202500002,2025-08-09,1007,12,1,2,1,1,2,106,2025-08-09 11:11:00,2025-08-09 12:11:00,2025-08-09 13:11:00,13.10713,77.66555,Theft reported in Ballari; investigation charge-sheeted.
353,144070012202600001,202600001,2026-06-05,1007,12,1,2,1,1,4,106,2026-06-05 00:47:00,2026-06-05 01:47:00,2026-06-05 02:47:00,13.04724,77.29556,Theft reported in Ballari; investigation ongoing.
354,144070012202600002,202600002,2026-07-20,1007,12,1,2,1,1,4,106,2026-07-20 07:28:00,2026-07-20 08:28:00,2026-07-20 09:28:00,12.45503,77.64131,Theft reported in Ballari; investigation ongoing.
355,144070012202600003,202600003,2026-04-16,1007,12,1,2,1,1,1,106,2026-04-16 10:38:00,2026-04-16 11:38:00,2026-04-16 12:38:00,13.30845,77.36106,Theft reported in Ballari; investigation ongoing.
356,144070012202200003,202200003,2022-08-24,1007,12,1,1,2,2,1,106,2022-08-24 13:51:00,2022-08-24 14:51:00,2022-08-24 15:51:00,13.20567,77.97036,Assault reported in Ballari; investigation ongoing.
357,144070012202200004,202200004,2022-02-01,1007,12,1,1,2,2,4,106,2022-02-01 13:40:00,2022-02-01 14:40:00,2022-02-01 15:40:00,12.57489,77.46212,Assault reported in Ballari; investigation ongoing.
358,144070012202300004,202300004,2023-12-15,1007,12,1,1,2,2,1,106,2023-12-15 07:01:00,2023-12-15 08:01:00,2023-12-15 09:01:00,12.66268,77.95603,Assault reported in Ballari; investigation ongoing.
359,144070012202300005,202300005,2023-08-03,1007,12,1,1,2,2,4,106,2023-08-03 19:47:00,2023-08-03 20:47:00,2023-08-03 21:47:00,12.96557,77.86835,Assault reported in Ballari; investigation ongoing.
360,144070012202400003,202400003,2024-12-05,1007,12,1,1,2,2,2,106,2024-12-05 11:10:00,2024-12-05 12:10:00,2024-12-05 13:10:00,12.76116,77.63625,Assault reported in Ballari; investigation charge-sheeted.
361,144070012202400004,202400004,2024-03-18,1007,12,1,1,2,2,4,106,2024-03-18 10:55:00,2024-03-18 11:55:00,2024-03-18 12:55:00,12.67146,77.69797,Assault reported in Ballari; investigation ongoing.
362,144070012202500003,202500003,2025-03-04,1007,12,1,1,2,2,1,106,2025-03-04 06:09:00,2025-03-04 07:09:00,2025-03-04 08:09:00,13.19511,77.55866,Assault reported in Ballari; investigation ongoing.
363,144070012202500004,202500004,2025-03-27,1007,12,1,1,2,2,4,106,2025-03-27 14:56:00,2025-03-27 15:56:00,2025-03-27 16:56:00,12.57221,77.30468,Assault reported in Ballari; investigation ongoing.
364,144070012202500005,202500005,2025-07-23,1007,12,1,1,2,2,2,106,2025-07-23 03:04:00,2025-07-23 04:04:00,2025-07-23 05:04:00,12.88425,77.43125,Assault reported in Ballari; investigation charge-sheeted.
365,144070012202600004,202600004,2026-10-07,1007,12,1,1,2,2,2,106,2026-10-07 18:57:00,2026-10-07 19:57:00,2026-10-07 20:57:00,13.0706,77.02926,Assault reported in Ballari; investigation charge-sheeted.
366,144070012202600005,202600005,2026-04-23,1007,12,1,1,2,2,2,106,2026-04-23 06:18:00,2026-04-23 07:18:00,2026-04-23 08:18:00,13.15402,77.00433,Assault reported in Ballari; investigation charge-sheeted.
367,144070012202200005,202200005,2022-07-04,1007,12,1,2,3,3,1,106,2022-07-04 10:07:00,2022-07-04 11:07:00,2022-07-04 12:07:00,12.89582,77.36125,Fraud reported in Ballari; investigation ongoing.
368,144070012202200006,202200006,2022-04-18,1007,12,1,2,3,3,4,106,2022-04-18 13:18:00,2022-04-18 14:18:00,2022-04-18 15:18:00,12.58878,77.06961,Fraud reported in Ballari; investigation ongoing.
369,144070012202300006,202300006,2023-12-19,1007,12,1,2,3,3,1,106,2023-12-19 03:47:00,2023-12-19 04:47:00,2023-12-19 05:47:00,12.46471,77.97521,Fraud reported in Ballari; investigation ongoing.
370,144070012202300007,202300007,2023-06-16,1007,12,1,2,3,3,4,106,2023-06-16 21:38:00,2023-06-16 22:38:00,2023-06-16 23:38:00,12.91141,77.14737,Fraud reported in Ballari; investigation ongoing.
371,144070012202400005,202400005,2024-08-22,1007,12,1,2,3,3,4,106,2024-08-22 00:11:00,2024-08-22 01:11:00,2024-08-22 02:11:00,12.55274,77.62197,Fraud reported in Ballari; investigation ongoing.
372,144070012202400006,202400006,2024-09-18,1007,12,1,2,3,3,2,106,2024-09-18 00:48:00,2024-09-18 01:48:00,2024-09-18 02:48:00,12.83041,77.91494,Fraud reported in Ballari; investigation charge-sheeted.
373,144070012202400007,202400007,2024-07-05,1007,12,1,2,3,3,1,106,2024-07-05 09:45:00,2024-07-05 10:45:00,2024-07-05 11:45:00,12.96886,77.49055,Fraud reported in Ballari; investigation ongoing.
374,144070012202500006,202500006,2025-05-11,1007,12,1,2,3,3,1,106,2025-05-11 01:01:00,2025-05-11 02:01:00,2025-05-11 03:01:00,13.23693,77.34888,Fraud reported in Ballari; investigation ongoing.
375,144070012202500007,202500007,2025-11-08,1007,12,1,2,3,3,1,106,2025-11-08 07:15:00,2025-11-08 08:15:00,2025-11-08 09:15:00,13.31039,77.0655,Fraud reported in Ballari; investigation ongoing.
376,144070012202600006,202600006,2026-12-16,1007,12,1,2,3,3,4,106,2026-12-16 18:01:00,2026-12-16 19:01:00,2026-12-16 20:01:00,12.97035,77.32242,Fraud reported in Ballari; investigation ongoing.
377,144070012202600007,202600007,2026-04-16,1007,12,1,2,3,3,1,106,2026-04-16 20:54:00,2026-04-16 21:54:00,2026-04-16 22:54:00,13.24038,77.53583,Fraud reported in Ballari; investigation ongoing.
378,144070012202200007,202200007,2022-10-26,1007,12,1,2,1,4,4,106,2022-10-26 16:30:00,2022-10-26 17:30:00,2022-10-26 18:30:00,13.19565,77.65154,Burglary reported in Ballari; investigation ongoing.
379,144070012202200008,202200008,2022-01-21,1007,12,1,2,1,4,4,106,2022-01-21 22:33:00,2022-01-21 23:33:00,2022-01-22 00:33:00,12.61295,77.96212,Burglary reported in Ballari; investigation ongoing.
380,144070012202300008,202300008,2023-11-25,1007,12,1,2,1,4,4,106,2023-11-25 09:54:00,2023-11-25 10:54:00,2023-11-25 11:54:00,13.26019,77.91114,Burglary reported in Ballari; investigation ongoing.
381,144070012202400008,202400008,2024-04-26,1007,12,1,2,1,4,4,106,2024-04-26 09:29:00,2024-04-26 10:29:00,2024-04-26 11:29:00,12.82202,77.90566,Burglary reported in Ballari; investigation ongoing.
382,144070012202400009,202400009,2024-01-02,1007,12,1,2,1,4,1,106,2024-01-02 02:20:00,2024-01-02 03:20:00,2024-01-02 04:20:00,13.30057,77.40701,Burglary reported in Ballari; investigation ongoing.
383,144070012202500008,202500008,2025-02-25,1007,12,1,2,1,4,4,106,2025-02-25 10:21:00,2025-02-25 11:21:00,2025-02-25 12:21:00,13.20584,77.74396,Burglary reported in Ballari; investigation ongoing.
384,144070012202500009,202500009,2025-08-18,1007,12,1,2,1,4,4,106,2025-08-18 11:44:00,2025-08-18 12:44:00,2025-08-18 13:44:00,12.94575,77.47485,Burglary reported in Ballari; investigation ongoing.
385,144070012202600008,202600008,2026-11-08,1007,12,1,2,1,4,4,106,2026-11-08 08:35:00,2026-11-08 09:35:00,2026-11-08 10:35:00,13.30316,77.68525,Burglary reported in Ballari; investigation ongoing.
386,144070012202600009,202600009,2026-03-15,1007,12,1,2,1,4,4,106,2026-03-15 20:20:00,2026-03-15 21:20:00,2026-03-15 22:20:00,13.18932,77.27404,Burglary reported in Ballari; investigation ongoing.
387,144080013202200001,202200001,2022-10-24,1008,13,1,2,1,1,2,107,2022-10-24 17:47:00,2022-10-24 18:47:00,2022-10-24 19:47:00,13.09521,77.76198,Theft reported in Shivamogga; investigation charge-sheeted.
388,144080013202300001,202300001,2023-09-23,1008,13,1,2,1,1,2,107,2023-09-23 20:48:00,2023-09-23 21:48:00,2023-09-23 22:48:00,12.99402,77.41032,Theft reported in Shivamogga; investigation charge-sheeted.
389,144080013202400001,202400001,2024-07-27,1008,13,1,2,1,1,2,107,2024-07-27 18:14:00,2024-07-27 19:14:00,2024-07-27 20:14:00,12.42297,77.55853,Theft reported in Shivamogga; investigation charge-sheeted.
390,144080013202500001,202500001,2025-06-06,1008,13,1,2,1,1,2,107,2025-06-06 18:07:00,2025-06-06 19:07:00,2025-06-06 20:07:00,12.92584,77.77336,Theft reported in Shivamogga; investigation charge-sheeted.
391,144080013202600001,202600001,2026-10-07,1008,13,1,2,1,1,2,107,2026-10-07 09:46:00,2026-10-07 10:46:00,2026-10-07 11:46:00,12.81833,77.40852,Theft reported in Shivamogga; investigation charge-sheeted.
392,144080013202200002,202200002,2022-06-23,1008,13,1,1,2,2,2,107,2022-06-23 12:43:00,2022-06-23 13:43:00,2022-06-23 14:43:00,12.7835,77.42329,Assault reported in Shivamogga; investigation charge-sheeted.
393,144080013202300002,202300002,2023-10-13,1008,13,1,1,2,2,2,107,2023-10-13 09:25:00,2023-10-13 10:25:00,2023-10-13 11:25:00,12.53224,77.89223,Assault reported in Shivamogga; investigation charge-sheeted.
394,144080013202400002,202400002,2024-06-02,1008,13,1,1,2,2,4,107,2024-06-02 04:31:00,2024-06-02 05:31:00,2024-06-02 06:31:00,13.14782,77.92624,Assault reported in Shivamogga; investigation ongoing.
395,144080013202500002,202500002,2025-11-21,1008,13,1,1,2,2,2,107,2025-11-21 14:03:00,2025-11-21 15:03:00,2025-11-21 16:03:00,12.45457,77.18314,Assault reported in Shivamogga; investigation charge-sheeted.
396,144080013202600002,202600002,2026-12-28,1008,13,1,1,2,2,2,107,2026-12-28 04:07:00,2026-12-28 05:07:00,2026-12-28 06:07:00,12.60373,77.28412,Assault reported in Shivamogga; investigation charge-sheeted.
397,144080013202200003,202200003,2022-06-01,1008,13,1,2,3,3,1,107,2022-06-01 09:43:00,2022-06-01 10:43:00,2022-06-01 11:43:00,12.79417,77.59034,Fraud reported in Shivamogga; investigation ongoing.
398,144080013202300003,202300003,2023-01-21,1008,13,1,2,3,3,2,107,2023-01-21 19:28:00,2023-01-21 20:28:00,2023-01-21 21:28:00,13.13155,77.73432,Fraud reported in Shivamogga; investigation charge-sheeted.
399,144080013202400003,202400003,2024-03-08,1008,13,1,2,3,3,2,107,2024-03-08 12:05:00,2024-03-08 13:05:00,2024-03-08 14:05:00,12.60822,77.3885,Fraud reported in Shivamogga; investigation charge-sheeted.
400,144080013202500003,202500003,2025-06-17,1008,13,1,2,3,3,2,107,2025-06-17 06:31:00,2025-06-17 07:31:00,2025-06-17 08:31:00,12.78809,77.26848,Fraud reported in Shivamogga; investigation charge-sheeted.
401,144080013202600003,202600003,2026-11-22,1008,13,1,2,3,3,1,107,2026-11-22 22:09:00,2026-11-22 23:09:00,2026-11-23 00:09:00,12.6907,77.43736,Fraud reported in Shivamogga; investigation ongoing.
402,144080013202200004,202200004,2022-09-04,1008,13,1,2,1,4,2,107,2022-09-04 16:27:00,2022-09-04 17:27:00,2022-09-04 18:27:00,12.86466,77.72031,Burglary reported in Shivamogga; investigation charge-sheeted.
403,144080013202300004,202300004,2023-12-10,1008,13,1,2,1,4,2,107,2023-12-10 10:37:00,2023-12-10 11:37:00,2023-12-10 12:37:00,13.15735,77.44995,Burglary reported in Shivamogga; investigation charge-sheeted.
404,144080013202400004,202400004,2024-11-16,1008,13,1,2,1,4,2,107,2024-11-16 14:44:00,2024-11-16 15:44:00,2024-11-16 16:44:00,13.05772,77.74425,Burglary reported in Shivamogga; investigation charge-sheeted.
405,144080013202500004,202500004,2025-12-07,1008,13,1,2,1,4,2,107,2025-12-07 00:13:00,2025-12-07 01:13:00,2025-12-07 02:13:00,12.54515,77.24178,Burglary reported in Shivamogga; investigation charge-sheeted.
406,144080013202600004,202600004,2026-08-16,1008,13,1,2,1,4,2,107,2026-08-16 00:55:00,2026-08-16 01:55:00,2026-08-16 02:55:00,12.64263,77.29483,Burglary reported in Shivamogga; investigation charge-sheeted.
