CSID,CaseMasterID,csdate,cstype,PolicePersonID
1,1,2022-05-17 10:00:00,A,1001
2,2,2023-03-02 10:00:00,A,1001
3,3,2022-11-18 10:00:00,A,1001
4,4,2022-08-17 10:00:00,A,1001
5,5,2023-02-04 10:00:00,A,1001
6,6,2022-08-30 10:00:00,A,1001
7,9,2023-06-22 10:00:00,A,1001
8,11,2023-04-13 10:00:00,A,1001
9,13,2024-05-04 10:00:00,A,1001
10,14,2024-09-07 10:00:00,A,1001
11,15,2024-11-08 10:00:00,A,1001
12,16,2024-12-28 10:00:00,A,1001
13,17,2025-10-23 10:00:00,A,1001
14,18,2025-04-11 10:00:00,A,1001
15,19,2026-01-24 10:00:00,A,1001
16,20,2025-03-17 10:00:00,A,1001
17,21,2025-05-30 10:00:00,A,1001
18,22,2026-12-01 10:00:00,A,1001
19,25,2026-10-02 10:00:00,A,1001
20,29,2023-05-08 10:00:00,A,1001
21,36,2025-01-10 10:00:00,A,1001
22,37,2024-11-01 10:00:00,A,1001
23,38,2025-03-01 10:00:00,A,1001
24,39,2024-06-04 10:00:00,A,1001
25,41,2025-11-29 10:00:00,A,1001
26,42,2025-12-11 10:00:00,A,1001
27,43,2025-08-05 10:00:00,A,1001
28,45,2026-01-10 10:00:00,A,1001
29,46,2026-07-16 10:00:00,A,1001
30,47,2026-11-24 10:00:00,A,1001
31,48,2027-02-21 10:00:00,A,1001
32,51,2022-09-26 10:00:00,A,1001
33,53,2022-09-10 10:00:00,A,1001
34,55,2022-05-28 10:00:00,A,1001
35,58,2023-06-14 10:00:00,A,1001
36,60,2025-03-14 10:00:00,A,1001
37,61,2024-12-20 10:00:00,A,1001
38,63,2024-10-12 10:00:00,A,1001
39,64,2024-03-29 10:00:00,A,1001
40,65,2026-01-07 10:00:00,A,1001
41,66,2025-11-06 10:00:00,A,1001
42,67,2025-12-01 10:00:00,A,1001
43,68,2025-10-30 10:00:00,A,1001
44,69,2025-11-27 10:00:00,A,1001
45,70,2027-01-07 10:00:00,A,1001
46,71,2027-01-27 10:00:00,A,1001
47,72,2026-11-29 10:00:00,A,1001
48,73,2026-04-27 10:00:00,A,1001
49,74,2022-06-24 10:00:00,A,1001
50,75,2022-04-22 10:00:00,A,1001
51,76,2022-10-10 10:00:00,A,1001
52,77,2022-11-22 10:00:00,A,1001
53,80,2023-11-01 10:00:00,A,1001
54,84,2024-07-18 10:00:00,A,1001
55,85,2024-06-07 10:00:00,A,1001
56,86,2024-12-26 10:00:00,A,1001
57,88,2025-03-31 10:00:00,A,1001
58,90,2025-12-31 10:00:00,A,1001
59,93,2025-11-11 10:00:00,A,1001
60,94,2027-02-12 10:00:00,A,1001
61,96,2026-12-13 10:00:00,A,1001
62,97,2026-07-23 10:00:00,A,1001
63,98,2026-05-24 10:00:00,A,1001
64,100,2026-09-09 10:00:00,A,1001
65,101,2022-10-16 10:00:00,A,1002
66,102,2022-10-21 10:00:00,A,1002
67,103,2022-10-11 10:00:00,A,1002
68,104,2023-04-12 10:00:00,A,1002
69,105,2024-02-16 10:00:00,A,1002
70,108,2025-02-04 10:00:00,A,1002
71,112,2025-08-30 10:00:00,A,1002
72,113,2025-05-06 10:00:00,A,1002
73,114,2025-07-28 10:00:00,A,1002
74,115,2026-10-15 10:00:00,A,1002
75,116,2026-07-30 10:00:00,A,1002
76,117,2026-10-29 10:00:00,A,1002
77,118,2023-01-11 10:00:00,A,1002
78,119,2022-05-13 10:00:00,A,1002
79,120,2022-03-08 10:00:00,A,1002
80,121,2023-03-30 10:00:00,A,1002
81,123,2023-10-31 10:00:00,A,1002
82,124,2024-02-26 10:00:00,A,1002
83,125,2024-10-23 10:00:00,A,1002
84,128,2025-12-02 10:00:00,A,1002
85,129,2025-10-16 10:00:00,A,1002
86,130,2025-09-15 10:00:00,A,1002
87,131,2026-06-18 10:00:00,A,1002
88,133,2022-11-22 10:00:00,A,1002
89,135,2023-08-15 10:00:00,A,1002
90,136,2023-04-19 10:00:00,A,1002
91,137,2024-02-08 10:00:00,A,1002
92,138,2025-01-16 10:00:00,A,1002
93,139,2025-01-31 10:00:00,A,1002
94,140,2025-02-22 10:00:00,A,1002
95,141,2025-12-01 10:00:00,A,1002
96,142,2025-07-11 10:00:00,A,1002
97,143,2026-01-04 10:00:00,A,1002
98,146,2022-10-03 10:00:00,A,1002
99,150,2023-11-09 10:00:00,A,1002
100,151,2023-06-19 10:00:00,A,1002
101,154,2025-02-27 10:00:00,A,1002
102,155,2025-01-01 10:00:00,A,1002
103,156,2026-03-18 10:00:00,A,1002
104,157,2026-02-17 10:00:00,A,1002
105,158,2025-05-05 10:00:00,A,1002
106,159,2026-04-16 10:00:00,A,1002
107,162,2026-05-18 10:00:00,A,1002
108,163,2022-12-21 10:00:00,A,1003
109,167,2023-10-24 10:00:00,A,1003
110,168,2024-02-05 10:00:00,A,1003
111,176,2026-08-15 10:00:00,A,1003
112,177,2026-03-18 10:00:00,A,1003
113,178,2026-11-25 10:00:00,A,1003
114,180,2022-05-18 10:00:00,A,1003
115,183,2023-04-28 10:00:00,A,1003
116,185,2024-09-29 10:00:00,A,1003
117,187,2025-08-03 10:00:00,A,1003
118,189,2026-09-09 10:00:00,A,1003
119,190,2027-02-08 10:00:00,A,1003
120,191,2022-03-23 10:00:00,A,1003
121,192,2022-09-01 10:00:00,A,1003
122,198,2024-08-06 10:00:00,A,1003
123,201,2025-12-12 10:00:00,A,1003
124,204,2025-10-07 10:00:00,A,1003
125,205,2026-03-12 10:00:00,A,1003
126,206,2026-03-15 10:00:00,A,1003
127,209,2022-12-16 10:00:00,A,1003
128,211,2022-12-23 10:00:00,A,1003
129,212,2023-02-05 10:00:00,A,1003
130,213,2023-08-26 10:00:00,A,1003
131,214,2024-01-19 10:00:00,A,1003
132,215,2024-03-24 10:00:00,A,1003
133,216,2024-11-11 10:00:00,A,1003
134,218,2025-01-28 10:00:00,A,1003
135,219,2025-05-27 10:00:00,A,1003
136,221,2026-07-12 10:00:00,A,1003
137,222,2026-12-24 10:00:00,A,1003
138,223,2023-01-29 10:00:00,A,1004
139,224,2022-09-05 10:00:00,A,1004
140,226,2023-07-16 10:00:00,A,1004
141,227,2024-05-25 10:00:00,A,1004
142,231,2026-09-26 10:00:00,A,1004
143,234,2023-01-06 10:00:00,A,1004
144,236,2023-08-30 10:00:00,A,1004
145,239,2025-05-02 10:00:00,A,1004
146,240,2025-12-14 10:00:00,A,1004
147,241,2025-03-26 10:00:00,A,1004
148,244,2022-12-15 10:00:00,A,1004
149,245,2022-05-26 10:00:00,A,1004
150,249,2023-09-12 10:00:00,A,1004
151,250,2024-05-04 10:00:00,A,1004
152,253,2025-11-15 10:00:00,A,1004
153,254,2026-08-19 10:00:00,A,1004
154,260,2024-06-10 10:00:00,A,1004
155,263,2025-10-25 10:00:00,A,1004
156,264,2027-03-23 10:00:00,A,1004
157,266,2022-08-06 10:00:00,A,1005
158,267,2022-05-11 10:00:00,A,1005
159,269,2024-01-03 10:00:00,A,1005
160,270,2023-03-20 10:00:00,A,1005
161,272,2024-09-19 10:00:00,A,1005
162,273,2025-02-08 10:00:00,A,1005
163,274,2025-05-05 10:00:00,A,1005
164,275,2026-03-03 10:00:00,A,1005
165,277,2026-12-18 10:00:00,A,1005
166,278,2026-05-18 10:00:00,A,1005
167,281,2023-07-13 10:00:00,A,1005
168,282,2024-01-17 10:00:00,A,1005
169,283,2024-09-11 10:00:00,A,1005
170,284,2024-07-29 10:00:00,A,1005
171,285,2025-04-07 10:00:00,A,1005
172,287,2025-07-09 10:00:00,A,1005
173,288,2026-05-23 10:00:00,A,1005
174,289,2026-04-12 10:00:00,A,1005
175,290,2023-01-20 10:00:00,A,1005
176,291,2023-06-03 10:00:00,A,1005
177,292,2023-05-19 10:00:00,A,1005
178,293,2024-11-17 10:00:00,A,1005
179,294,2025-02-11 10:00:00,A,1005
180,298,2026-04-14 10:00:00,A,1005
181,300,2024-02-04 10:00:00,A,1005
182,301,2023-08-27 10:00:00,A,1005
183,302,2024-02-29 10:00:00,A,1005
184,304,2024-10-16 10:00:00,A,1005
185,305,2025-06-24 10:00:00,A,1005
186,308,2026-10-12 10:00:00,A,1005
187,309,2026-02-15 10:00:00,A,1005
188,310,2023-01-04 10:00:00,A,1006
189,311,2022-09-24 10:00:00,A,1006
190,312,2023-11-07 10:00:00,A,1006
191,313,2024-09-20 10:00:00,A,1006
192,315,2025-12-25 10:00:00,A,1006
193,318,2023-07-14 10:00:00,A,1006
194,321,2024-12-04 10:00:00,A,1006
195,323,2026-05-29 10:00:00,A,1006
196,324,2026-09-21 10:00:00,A,1006
197,325,2023-01-09 10:00:00,A,1006
198,328,2023-07-16 10:00:00,A,1006
199,329,2024-09-04 10:00:00,A,1006
200,330,2026-04-18 10:00:00,A,1006
201,332,2026-06-22 10:00:00,A,1006
202,333,2026-12-02 10:00:00,A,1006
203,334,2023-01-16 10:00:00,A,1006
204,335,2022-04-12 10:00:00,A,1006
205,337,2024-01-13 10:00:00,A,1006
206,338,2023-12-02 10:00:00,A,1006
207,339,2024-12-24 10:00:00,A,1006
208,340,2024-04-28 10:00:00,A,1006
209,345,2022-07-25 10:00:00,A,1007
210,349,2024-04-11 10:00:00,A,1007
211,352,2025-09-26 10:00:00,A,1007
212,360,2025-03-21 10:00:00,A,1007
213,364,2025-09-03 10:00:00,A,1007
214,365,2027-01-12 10:00:00,A,1007
215,366,2026-06-19 10:00:00,A,1007
216,372,2024-12-19 10:00:00,A,1007
217,387,2022-12-07 10:00:00,A,1008
218,388,2023-12-09 10:00:00,A,1008
219,389,2024-09-14 10:00:00,A,1008
220,390,2025-08-30 10:00:00,A,1008
221,391,2027-01-05 10:00:00,A,1008
222,392,2022-07-23 10:00:00,A,1008
223,393,2023-11-30 10:00:00,A,1008
224,395,2026-02-17 10:00:00,A,1008
225,396,2027-04-23 10:00:00,A,1008
226,398,2023-03-03 10:00:00,A,1008
227,399,2024-05-22 10:00:00,A,1008
228,400,2025-09-14 10:00:00,A,1008
229,402,2022-10-14 10:00:00,A,1008
230,403,2024-01-23 10:00:00,A,1008
231,404,2024-12-30 10:00:00,A,1008
232,405,2026-04-05 10:00:00,A,1008
233,406,2026-11-05 10:00:00,A,1008
